rule_id,rule_version,rule_text,input_category,recommended_category,applicable_query_categories,required_context,query_terms,candidate_terms,scenario_label,gender_context,formality_level,occasion_tags,season_tags,source_type,source_title,source_author_or_org,source_year,source_url_or_reference,source_locator,source_access_date,source_validation_status,source_reliability,evidence_summary,rule_scope,rule_limitations,audit_status,supersedes_rule_ids
K001,1,"When wide-leg trousers are explicit in the query, a fitted top or cardigan is a documented proportion option.",bottoms,tops,bottoms,none,wide leg|wide-leg|palazzo,none,proportion_balance,general,general,none,all,fashion_editorial,Berner Kühl Copenhagen Fall 2025 Collection,Vogue,2025,https://www.vogue.com/fashion-shows/copenhagen-fall-2025/berner-kuhl,collection review paragraph describing fitted tops and cardigans with wide pants,2026-08-16,verified_reachable_and_direct_2026-08-16,medium,The review explicitly describes fitted tops and cardigans paired with wide trousers to create a triangle shape.,Wide-leg trousers to fitted tops only.,This is an observed designer styling direction rather than a universal proportion rule.,retain,R053|R077
K002,1,"When chinos are explicit and the request is smart casual, prefer soft knitwear or relaxed shirting over ceremonial tops.",bottoms,tops,bottoms,none,chino|chinos & smart casual|smart-casual,none,smart_casual,menswear,smart casual,daytime|dinner,all,fashion_editorial,Chinos don't suck - you just suck at styling them,British GQ,2025,https://www.gq-magazine.co.uk/article/what-to-wear-with-chinos,sections discussing softer tailoring and knitwear with chinos,2026-08-16,verified_reachable_and_direct_2026-08-16,high,The article directly styles chinos with softer tailoring and knits.,Chino-based smart-casual outfits.,Not evidence for formal or black-tie tops.,retain,R057|R082
K003,1,"When a query explicitly combines chinos with refined trainers, a crisp shirt or tee under an unstructured blazer is a supported smart-casual top direction.",shoes,tops,shoes,none,chino|chinos & trainer|trainers|sneaker|sneakers & smart casual|smart-casual,none,smart_casual,menswear,smart casual,dinner|date,all,fashion_editorial,How to style chinos and trainers,British GQ,2026,https://www.gq-magazine.co.uk/article/how-to-style-chinos-and-trainers,paragraphs describing crisp shirts and unstructured blazers,2026-08-16,verified_reachable_and_direct_2026-08-16,high,The source directly recommends crisp shirting or a tee and unstructured blazer with chinos and refined trainers.,Refined trainer smart-casual looks.,Requires the chino context to be present elsewhere in the permitted text.,retain,R065
K004,1,"When loafers and denim are explicit, prefer a clean top such as a plain tee, knit or button-down rather than athletic performance wear.",shoes,tops,shoes,none,loafer|loafers & jean|jeans|denim,none,smart_casual,general,smart casual,daytime,all,fashion_editorial,How to wear loafers and look like a grownup,British GQ,2026,https://www.gq-magazine.co.uk/article/how-to-wear-loafers,sections describing loafers with denim and casual-to-formal shape,2026-08-16,verified_reachable_and_direct_2026-08-16,high,The source directly treats loafers as a bridge between denim and more polished styling.,Loafer-led outfits.,The exact top must still be supported by visible text; do not infer fabric or fit.,retain,R064
K005,1,"For an explicitly casual jacket, a tee, polo or casual shirt is an appropriate base-layer direction.",outerwear,tops,outerwear,none,casual jacket|bomber|denim jacket,none,casual_layering,general,casual,daytime,all,fashion_editorial,A Celebrity Guide To Nailing A Smart Casual Dress Code,British Vogue,2023,https://www.vogue.co.uk/article/smart-casual-dress-code-celebrity-guide,discussion of balancing relaxed and elevated pieces,2026-08-16,verified_reachable_and_direct_2026-08-16,high,The source directly frames smart casual as combining relaxed foundations with more elevated pieces.,Casual outerwear to base tops.,Do not use for a coat or jacket whose casual character is not explicit.,retain,R071
K006,1,"For an explicitly tailored blazer in business-casual use, prefer a shirt, blouse or fine knit as the base top.",outerwear,tops,outerwear,none,blazer|tailored jacket|sportcoat|sport coat & business casual|business-casual,none,business_casual,general,business casual,office|work,all,fashion_editorial,What Is Business Casual? The GQ Guide to Dressing for Work and Beyond,GQ,2025,https://www.gq.com/story/business-casual-attire-for-men-explained,business-casual wardrobe sections on blazers shirts and knitwear,2026-08-16,verified_reachable_and_direct_2026-08-16,high,"The source presents blazers, shirts and knitwear as business-casual building blocks.",Business-casual blazer outfits.,Primarily menswear editorial evidence; apply to general cases only at the category level.,retain,R072|R118
K007,1,"When a handbag or clutch is explicitly the focal item, prefer a visually simple top so the bag can remain the controlled accent.",bags,tops,bags,none,bag|handbag|clutch|tote,none,focal_point,womenswear,evening,date night|evening,all,fashion_editorial,"Your Guide To Elegant Date-Night Style, By 5 Fashion Insiders",NET-A-PORTER / PORTER,2026,https://www.net-a-porter.com/en-gb/porter/article-f6421bef33aadc15/fashion/art-of-style/%252Fporter%252Farticle-f6421bef33aadc15,lines 703-729: minimal outfit complemented by a handbag,2026-08-16,verified_reachable_and_direct_2026-08-16,medium,A fashion consultant directly advises complementing a minimal outfit with a statement item or handbag.,Bag-led date-night styling.,"Does not identify a specific top type, colour or material.",retain,R067
K008,1,"When a cropped top is explicit, high-waisted trousers or a high-waisted skirt are directly supported bottom directions.",tops,bottoms,tops,none,crop top|cropped top|cropped shirt|cropped knit,none,proportion_balance,womenswear,general,office|daytime,warm,fashion_editorial,Does an Office-Appropriate Crop Top Exist?,Vogue,2019,https://www.vogue.com/vogueworld/article/how-to-wear-crop-tops-to-the-office-summer-fashion,Hide in High-Waisted section,2026-08-16,verified_reachable_and_direct_2026-08-16,high,The article explicitly recommends pairing cropped tops with high-waisted trousers or a skirt.,Cropped tops to high-waisted bottoms.,The source is womenswear and office-oriented; it does not establish a universal body-shape effect.,retain,R079
K009,1,"For an explicit business-casual button-down, chinos or tailored trousers are supported; dark jeans require an explicitly denim-permitted workplace.",tops,bottoms,tops,none,button down|button-down|dress shirt|business shirt & business casual|business-casual,none,business_casual,menswear,business casual,office|work,all,fashion_editorial,What Is Business Casual? The GQ Guide to Dressing for Work and Beyond,GQ,2025,https://www.gq.com/story/business-casual-attire-for-men-explained,sections distinguishing chinos trousers and permitted dark denim,2026-08-16,verified_reachable_and_direct_2026-08-16,high,"The source directly discusses chinos, trousers and context-dependent dark denim in business-casual outfits.",Business-casual shirt outfits.,Workplace denim permission must be explicit rather than inferred.,retain,R080
K010,1,"For an explicit classic T-shirt, tailored or loose trousers are a directly documented bottom pairing that can remain casual while looking polished.",tops,bottoms,tops,none,t-shirt|t shirt|tee,none,casual_polish,general,casual|smart casual,office|drinks|daytime,all,fashion_editorial,The Best T-Shirt and Trouser Pairings for This Season’s Most Laidback Trend,Vogue,2021,https://www.vogue.com/article/t-shirt-outfits,opening paragraphs on classic T-shirts with tailored and loose trousers,2026-08-16,verified_reachable_and_direct_2026-08-16,high,The article directly calls a classic T-shirt with well-tailored trousers a simple and versatile pairing.,Classic T-shirts to trousers.,Does not support every T-shirt style or other bottom categories.,retain,R084
K011,1,"For explicit loafers, denim, chinos or tailored trousers may be selected according to whether the loafer is described as chunky or refined.",shoes,bottoms,shoes,none,loafer|loafers,none,formality_matching,general,smart casual,daytime,all,fashion_editorial,How to wear loafers and look like a grownup,British GQ,2026,https://www.gq-magazine.co.uk/article/how-to-wear-loafers,sections linking chunkier loafers with denim and cleaner shapes with formality,2026-08-16,verified_reachable_and_direct_2026-08-16,high,The source directly relates loafer shape to denim and casual-versus-formal styling.,Loafer-led bottom selection.,Do not infer loafer shape when it is absent from candidate text.,retain,R095
K012,1,"For refined trainers in an explicit smart-casual request, chinos or clean jeans are supported bottom categories.",shoes,bottoms,shoes,none,trainer|trainers|sneaker|sneakers & smart casual|smart-casual,none,smart_casual,general,smart casual,dinner|date|daytime,all,fashion_editorial,How to style chinos and trainers,British GQ,2026,https://www.gq-magazine.co.uk/article/how-to-style-chinos-and-trainers,main styling guidance for chinos and trainers,2026-08-16,verified_reachable_and_direct_2026-08-16,high,The source directly presents chinos and refined trainers as a smart-casual combination.,Refined trainer outfits.,Not applicable to athletic performance shoes or formal evening requests.,retain,R094
K013,1,"For an explicitly tailored blazer or coat in workwear, tailored trousers are a supported bottom direction.",outerwear,bottoms,outerwear,none,blazer|tailored coat|tailored jacket & work|office|workwear,none,business_casual,general,business casual,office|work,all,fashion_editorial,What Is Business Casual? The GQ Guide to Dressing for Work and Beyond,GQ,2025,https://www.gq.com/story/business-casual-attire-for-men-explained,business-casual sections on blazers and trousers,2026-08-16,verified_reachable_and_direct_2026-08-16,high,The source directly includes blazers and trousers among business-casual components.,Tailored outerwear in workwear contexts.,Does not support formal black-tie trousers.,retain,R097
K014,1,"When a statement handbag is explicit, prefer visually simple bottoms rather than adding another focal pattern.",bags,bottoms,bags,none,statement bag|statement handbag|embellished bag|beaded bag,none,focal_point,womenswear,evening,date night|evening,all,fashion_editorial,"Your Guide To Elegant Date-Night Style, By 5 Fashion Insiders",NET-A-PORTER / PORTER,2026,https://www.net-a-porter.com/en-gb/porter/article-f6421bef33aadc15/fashion/art-of-style/%252Fporter%252Farticle-f6421bef33aadc15,lines 703-729: statement item or handbag with a minimal outfit,2026-08-16,verified_reachable_and_direct_2026-08-16,medium,The source directly recommends a statement item or handbag as the accent to a minimal outfit.,Statement-bag evening outfits.,"The source does not specify a bottom silhouette, fabric or colour.",retain,R092
K015,1,"For explicit wide-leg or baggy jeans, trainers with some visual heft are a directly supported way to keep the footwear from disappearing beneath the denim.",bottoms,shoes,bottoms,none,wide leg jean|wide-leg jean|baggy jean|baggy denim,none,proportion_balance,menswear,casual,daytime,all,fashion_editorial,Guys can still get jeans and trainers wrong. Here's how to get it right,British GQ,2025,https://www.gq-magazine.co.uk/article/how-to-wear-jeans-and-trainers,wide-leg and baggy jeans sections,2026-08-16,verified_reachable_and_direct_2026-08-16,high,The article explicitly recommends trainers with bulk or chunky soles for wide-leg and baggy jeans.,Wide-leg or baggy denim to trainers.,Menswear editorial; do not extend the advice to slim denim or non-trainer footwear.,retain,R007
K016,1,"For explicit cropped wide-leg trousers, pumps such as slingbacks or mules are a directly documented shoe direction that keeps the footwear visible.",bottoms,shoes,bottoms,none,wide leg|wide-leg|palazzo,none,proportion_balance,womenswear,general,none,all,fashion_editorial,Wide-Leg Trousers Are a Vogue Office Favorite—7 Street Style-Approved Ways to Wear Them,Vogue,2026,https://www.vogue.com/article/how-to-style-wide-leg-trousers,The Classic Black section,2026-08-16,verified_reachable_and_direct_2026-08-16,high,"The article explicitly pairs cropped wide-leg black trousers with visible pumps, including slingbacks and mules.",Cropped wide-leg trousers to pumps.,An observed editorial outfit direction; do not extend it to all wide-leg lengths.,retain,R009|R010
K017,1,"For an explicit smart-casual request, loafers, brogues or Derbys are supported shoe categories on the smarter side of the code.",tops,shoes,tops|bottoms|outerwear,none,smart casual|smart-casual,none,smart_casual,menswear,smart casual,daytime,all,fashion_editorial,"A full, BS-free breakdown of how to do smart-casual",British GQ,2023,https://www.gq-magazine.co.uk/article/how-to-dress-smart-casual,sections listing leather shoes within smart casual,2026-08-16,verified_reachable_and_direct_2026-08-16,high,"The source directly identifies loafers, brogues and Derbys as smart-casual footwear.",Explicit smart-casual cases.,Menswear-focused; not evidence for heels or womenswear-specific footwear.,retain,R013
K018,1,"For an explicit black-tie menswear request, prefer black patent or highly polished formal shoes.",bottoms,shoes,tops|bottoms|outerwear,none,black tie|black-tie|tuxedo|dinner suit,none,formal_evening,menswear,black tie,black tie|formal evening,all,fashion_editorial,Black tie dress code explained,British GQ,2024,https://www.gq-magazine.co.uk/article/black-tie-guide,footwear section recommending patent formal shoes,2026-08-16,verified_reachable_and_direct_2026-08-16,high,The guide directly recommends black patent footwear as part of conventional black tie.,Menswear black-tie footwear.,Not applicable to creative black tie or womenswear.,retain,R015|R093
K019,1,"When a top is explicitly bold-coloured and the request asks for restraint, neutral footwear is a supported way to avoid an additional competing colour.",tops,shoes,tops,none,bold colour|bold color|bright|vibrant & restraint|restrained|subtle,none,colour_coordination,general,general,none,all,education_editorial,How to Match Clothes Using the Color Wheel,MasterClass,2021,https://www.masterclass.com/articles/how-to-match-clothes-using-the-color-wheel,sections on neutrals and colour-wheel schemes,2026-08-16,verified_reachable_and_direct_2026-08-16,medium,The source directly explains using neutrals and colour-wheel schemes to simplify outfit colour matching.,Explicit bold-colour queries with a restrained request.,Colour must be present in permitted text; no image-derived colour labels.,retain,R018
K020,1,"For an explicitly polished blazer-based business-casual outfit, choose smart-looking shoes rather than athletic or evening footwear.",outerwear,shoes,outerwear,none,blazer|sportcoat|sport coat|tailored jacket & business casual|business-casual,none,business_casual,menswear,business casual,office|work,all,fashion_editorial,What Is Business Casual? The GQ Guide to Dressing for Work and Beyond,GQ,2025,https://www.gq.com/story/business-casual-attire-for-men-explained,sections pairing business-casual clothing with smart-looking shoes,2026-08-16,verified_reachable_and_direct_2026-08-16,high,The source directly frames smart-looking shoes as part of business-casual dressing.,Blazer-led business-casual outfits.,The source does not identify one mandatory shoe subtype.,retain,R014
K021,1,"For an explicit wedding-guest bag, shoes do not need to match the bag; avoid claiming that bag-and-shoe colour matching is required.",bags,shoes,bags,none,bag|handbag|clutch|tote & wedding|wedding guest,none,wedding_coordination,womenswear,formal,wedding|wedding guest,all,fashion_editorial,What To Wear To A Wedding,British Vogue,2019,https://www.vogue.co.uk/article/what-to-wear-to-a-wedding,lines 54-71: non-matching guidance and top-handle bag advice,2026-08-16,verified_reachable_and_direct_2026-08-16,high,"The source explicitly advises against automatically coordinating bags, shoes and belts for wedding-guest styling.",Wedding-guest bag-to-shoe coordination.,This is negative guidance and does not select a specific shoe.,retain,R005|R029
K022,1,"When jeans are explicit and the request asks for more polish, a blazer is a supported outerwear direction.",bottoms,outerwear,bottoms,none,jean|jeans|denim & polish|polished|dress up|dressed up|elevate,none,smart_casual,general,smart casual,daytime|office,all,fashion_editorial,What Is Business Casual? The GQ Guide to Dressing for Work and Beyond,GQ,2025,https://www.gq.com/story/business-casual-attire-for-men-explained,sections discussing dark jeans and unstructured blazers,2026-08-16,verified_reachable_and_direct_2026-08-16,high,The source directly discusses dark jeans with unstructured blazers in business-casual-adjacent outfits.,Explicit denim needing polish.,Workplace acceptance of denim must not be inferred.,retain,R108
K023,1,"For explicit chinos in a smart-casual request, an unstructured blazer is a supported outerwear direction.",bottoms,outerwear,bottoms,none,chino|chinos & smart casual|smart-casual,none,smart_casual,menswear,smart casual,dinner|date,all,fashion_editorial,How to style chinos and trainers,British GQ,2026,https://www.gq-magazine.co.uk/article/how-to-style-chinos-and-trainers,paragraphs recommending an unstructured blazer,2026-08-16,verified_reachable_and_direct_2026-08-16,high,The article directly recommends an unstructured blazer to elevate chinos and refined trainers.,Chino-based smart-casual outfits.,Not evidence for formal suit jackets.,retain,R109
K024,1,"For explicit tailored trousers in a business-casual request, a blazer or tailored jacket is a supported outerwear category.",bottoms,outerwear,bottoms,none,tailored trouser|tailored trousers|dress pants|smart trousers & business casual|business-casual,none,business_casual,general,business casual,office|work,all,fashion_editorial,What Is Business Casual? The GQ Guide to Dressing for Work and Beyond,GQ,2025,https://www.gq.com/story/business-casual-attire-for-men-explained,business-casual sections on trousers and blazers,2026-08-16,verified_reachable_and_direct_2026-08-16,high,The source directly includes tailored trousers and blazers within business-casual dressing.,Tailored-trouser workwear.,Menswear-focused and not evidence for black-tie outerwear.,retain,R110
K025,1,"For an explicit business-casual button-up, a classic blazer is a directly supported outerwear option for workplace polish.",tops,outerwear,tops,none,work shirt|business shirt|button up|button-up|button down|button-down & business casual|business-casual,none,business_casual,menswear,business casual,office|work,all,fashion_editorial,What Is Business Casual? The GQ Guide to Dressing for Work and Beyond,GQ,2025,https://www.gq.com/story/business-casual-attire-for-men-explained,What Is Business Casual and Button-Ups sections,2026-08-16,verified_reachable_and_direct_2026-08-16,high,The guide identifies button-ups as business-casual anchors and says the outfit can be completed with a classic blazer.,Menswear business-casual button-ups to blazers.,Office norms vary; this does not establish a required blazer or support blouse queries.,retain,R113|R118
K026,1,"For an explicit casual tee, a relaxed jacket such as a denim jacket or bomber is category-appropriate when the request remains casual.",tops,outerwear,tops,none,t-shirt|t shirt|tee,none,casual_daytime,general,casual,daytime,all,fashion_editorial,A Celebrity Guide To Nailing A Smart Casual Dress Code,British Vogue,2023,https://www.vogue.co.uk/article/smart-casual-dress-code-celebrity-guide,discussion and examples balancing casual and elevated layers,2026-08-16,verified_reachable_and_direct_2026-08-16,high,The source directly presents relaxed garments and jackets within casual-to-smart-casual outfits.,Casual tee outfits.,Do not use for formal or evening outerwear.,retain,R114
K027,1,"For explicit black-tie footwear or a tuxedo context, outerwear must preserve formal evening tone; do not recommend clearly casual jackets.",shoes,outerwear,shoes|tops|bottoms,none,black tie|black-tie|tuxedo|patent shoe|formal shoe,none,formal_evening,general,black tie,black tie|formal evening,all,fashion_editorial,The Vogue Guide To A Black-Tie Dress Code,British Vogue,2025,https://www.vogue.co.uk/article/black-tie-dress-code,lines 71-77 and 244-250 on formal evening expectations,2026-08-16,verified_reachable_and_direct_2026-08-16,high,The guide directly defines black tie as formal evening dressing and advises erring toward formality.,Negative formality constraint for outerwear.,The source does not prescribe a particular coat subtype.,retain,R119
K028,1,"When a structured tote is explicit in a smart-casual request, a blazer is a directly illustrated outerwear pairing.",bags,outerwear,bags,none,structured tote|leather tote|structured bag & smart casual|smart-casual,none,smart_casual,womenswear,smart casual,daytime|office,all,fashion_editorial,A Celebrity Guide To Nailing A Smart Casual Dress Code,British Vogue,2023,https://www.vogue.co.uk/article/smart-casual-dress-code-celebrity-guide,lines 95-101: blazer styling and structured leather tote,2026-08-16,verified_reachable_and_direct_2026-08-16,high,The article directly pairs blazer-based smart-casual styling with a structured leather tote.,Structured-tote smart-casual outfits.,"Does not support canvas totes, scarves or unrelated bag subtypes.",retain,R044|R122
K029,1,"For an explicit black-tie outfit, a small embellished or beaded evening bag is a supported bag direction.",tops,bags,tops|bottoms|shoes|outerwear,none,black tie|black-tie|tuxedo|evening gown|formal evening,none,formal_evening,womenswear,black tie,black tie|formal evening,all,fashion_editorial,The Vogue Guide To A Black-Tie Dress Code,British Vogue,2025,https://www.vogue.co.uk/article/black-tie-dress-code,lines 198-206 and black-tie bag edit,2026-08-16,verified_reachable_and_direct_2026-08-16,high,The guide directly states that a bold beaded bag can elevate a black-tie outfit.,Women's black-tie bag recommendation.,Not applicable to casual daytime or menswear cases.,retain,R027
K030,1,"For an explicit wedding-guest request, a small top-handle bag is directly supported; a clutch is not mandatory.",tops,bags,tops|bottoms|shoes|outerwear,none,wedding|wedding guest,none,wedding_guest,womenswear,formal,wedding,all,fashion_editorial,What To Wear To A Wedding,British Vogue,2019,https://www.vogue.co.uk/article/what-to-wear-to-a-wedding,lines 69-71 on top-handle bags,2026-08-16,verified_reachable_and_direct_2026-08-16,high,The guide directly recommends a small top-handle bag for wedding guests and rejects clutch defaulting.,Wedding-guest bag selection.,Specific to the cited editorial's womenswear wedding context.,retain,R029
K031,1,"For an explicitly minimal date-night outfit, a handbag may be used as the controlled statement accent.",tops,bags,tops|bottoms|shoes|outerwear,none,minimal|minimalist|simple & date night|date-night|evening date,none,date_night,womenswear,evening,date night|dinner|theatre|theater,all,fashion_editorial,"Your Guide To Elegant Date-Night Style, By 5 Fashion Insiders",NET-A-PORTER / PORTER,2026,https://www.net-a-porter.com/en-gb/porter/article-f6421bef33aadc15/fashion/art-of-style/%252Fporter%252Farticle-f6421bef33aadc15,lines 703-729: minimal outfit with a handbag,2026-08-16,verified_reachable_and_direct_2026-08-16,medium,A fashion consultant directly recommends complementing a minimal date-night outfit with a handbag.,Minimal date-night outfits.,"Does not support a specific bag colour, material or size.",retain,R032
K032,1,"For an explicit festive outfit with a black or dark base, a coloured evening bag is a supported alternative to default black accessories.",tops,bags,tops|bottoms|shoes|outerwear,none,festive|party & dark toned|dark-toned|black outfit|dark outfit,none,festive_colour,womenswear,evening,party|festive,winter,fashion_editorial,Personal Shopper Ella Shares Her Must-Haves,NET-A-PORTER / PORTER,2022,https://www.net-a-porter.com/en-gb/porter/article-bfe6ce452df5c6e5/fashion/art-of-style/net-a-porter-personal-shopper,lines 703-716 and evening-bag section,2026-08-16,verified_reachable_and_direct_2026-08-16,medium,The stylist directly recommends a pop of colour in shoes and bags with black or darker-toned party outfits.,Dark festive outfits.,Requires the dark or festive context to be explicit.,retain,R033
K033,1,"For an explicit blazer-led smart-casual outfit, a structured leather tote is a directly supported bag pairing.",outerwear,bags,outerwear|tops,none,blazer|tailored jacket & smart casual|smart-casual,none,smart_casual,womenswear,smart casual,daytime|office,all,fashion_editorial,A Celebrity Guide To Nailing A Smart Casual Dress Code,British Vogue,2023,https://www.vogue.co.uk/article/smart-casual-dress-code-celebrity-guide,lines 95-101: blazer and structured leather tote,2026-08-16,verified_reachable_and_direct_2026-08-16,high,The article directly presents a structured leather tote with blazer-based smart-casual styling.,Blazer-led smart-casual outfits.,Do not generalize to casual canvas totes or formal evening bags.,retain,R044
K034,1,"For explicit straight-leg jeans being dressed up with tailoring and heels, a structured bag is a directly supported finishing category.",bottoms,bags,bottoms|outerwear|shoes,none,straight leg jean|straight-leg jean|jeans|denim & blazer|tailoring|tailored & heel|heels,none,polished_denim,womenswear,smart casual,daytime|evening,winter,fashion_editorial,The Easiest Way to Dress Up Jeans This Winter,Who What Wear,2017,https://www.whowhatwear.com/dress-up-jeans,opening outfit formula: jeans tailored blazer heels and structured bag,2026-08-16,verified_reachable_and_direct_2026-08-16,medium,"The editorial directly gives a jeans, tailored blazer, heels and structured-bag formula.",Explicit polished-denim outfits.,Trend editorial; not a universal rule for all denim cases.,retain,none
K035,1,"When a bag is explicitly logo-heavy or visually loud, pair it with an otherwise low-key outfit rather than adding competing statement pieces.",tops,bags,tops|bottoms|shoes|outerwear,none,logo|monogram|logo-strewn|statement,none,focal_point,menswear,smart casual,office|travel,all,fashion_editorial,David Beckham Carries Your New Haul-All for the Office,GQ,2016,https://www.gq.com/story/david-beckham-style-bag,closing styling takeaway on logo-heavy bags,2026-08-16,verified_reachable_and_direct_2026-08-16,medium,The article directly advises pairing a logo-heavy bag with a low-key outfit.,Visually loud bag candidates.,Celebrity editorial and menswear-specific; use only when logo detail is explicit.,retain,none
K036,1,"For explicit baggy jeans with a bomber or menswear-inspired outerwear, a simple tote is an observed editorially supported bag direction.",bottoms,bags,bottoms|outerwear,none,baggy jean|baggy jeans|wide leg jean|wide-leg jean & bomber|menswear,none,casual_daytime,general,casual,daytime,all,fashion_editorial,Baggy Jeans Are Still Trending—7 Ways to Style the Model Off-Duty Staple,Vogue,2026,https://www.vogue.com/article/baggy-jean-outfits,baggy-jeans outfit formula with bomber and tote,2026-08-16,verified_reachable_and_direct_2026-08-16,medium,The editorial presents baggy denim with a bomber and tote as a complete outfit formula.,Baggy-denim casual outfits.,Observed editorial formula rather than a universal prescription.,retain,none
K037,1,"For explicit women's black-tie attire, a refined clutch or minaudiere is a supported bag category.",tops,bags,tops|bottoms|shoes|outerwear,none,black tie|black-tie|formal evening|evening gown,none,formal_evening,womenswear,black tie,black tie|formal evening,all,retailer_expert_editorial,The Harrods Guide to Women’s Black-Tie Dress Codes,Harrods,2026,https://www.harrods.com/en-gb/c/stories/women/black-tie-dress-code-guide,lines 629-674: formal accessories and clutch examples,2026-08-16,verified_reachable_and_direct_2026-08-16,medium,The guide discusses refined black-tie accessories and presents clutch bags within the black-tie edit.,Women's black-tie bag category.,Product-linked retailer editorial; does not support metallic shoe-to-bag matching.,retain,R046|R124
K038,1,"When an oversized tote or hobo is explicit, a close-fitting or otherwise non-oversized top is a supported way to keep volume concentrated in one statement piece.",bags,tops,bags,none,oversized tote|giant tote|oversized bag|large hobo,none,volume_control,general,casual,daytime,all,fashion_editorial,Baggy Fashion Is In: What I Learned Embracing the Trend,Vogue,2022,https://www.vogue.com/article/baggy-fashion-summer-trend-styling-tips,stylist quotation advising one oversized element at a time,2026-08-16,verified_reachable_and_direct_2026-08-16,high,Stylists explicitly advise choosing one oversized element rather than applying volume to every piece.,Oversized bags to non-oversized tops.,Does not prescribe body-shape effects or a particular colour or fabric.,retain,
K039,1,"For an explicit understated summer handbag, a button-up shirt or simple tank is a directly documented top direction.",bags,tops,bags,none,summer bag|summer handbag|canvas tote|raffia bag|woven bag,none,summer_minimal,womenswear,casual,daytime,summer,fashion_editorial,10 Chic Ways to Style Summer's Hero Handbags,Vogue,2023,https://www.vogue.com/article/summer-handbag-outfits,opening styling paragraph pairing understated bags with button-ups and tanks,2026-08-16,verified_reachable_and_direct_2026-08-16,high,The article explicitly pairs understated summer handbags with a button-up or timeless tank.,Understated summer bags to simple tops.,Seasonal womenswear editorial; not support for formal or cold-weather contexts.,retain,
K040,1,"For explicit wide-leg trousers, an oversized band T-shirt is a documented casual top option.",bottoms,tops,bottoms,none,wide leg trouser|wide-leg trouser|wide leg pant|wide-leg pant,none,casual_volume,womenswear,casual,daytime,all,stylist_editorial,How to Style Wide-Leg Pants,Vogue,2024,https://www.vogue.com/article/how-to-style-wide-leg-pants,stylist paragraph describing an oversized band tee with wide-leg pants,2026-08-16,verified_reachable_and_direct_2026-08-16,high,A wardrobe stylist directly describes wearing wide-leg pants with an oversized band T-shirt.,Wide-leg trousers to an oversized casual tee.,One stylist's documented option; it does not supersede fitted-top alternatives.,retain,
K041,1,"For explicit cuffed or loose wide-leg trousers, a simple white button-down is a directly documented top pairing.",bottoms,tops,bottoms,none,cuffed trouser|wide leg trouser|wide-leg trouser|loose trouser,none,neutral_tailoring,womenswear,smart casual,office|daytime,all,fashion_editorial,Wide-Leg Trousers Are a Vogue Office Favorite—7 Street Style-Approved Ways to Wear Them,Vogue,2026,https://www.vogue.com/article/how-to-style-wide-leg-trousers,The Cuffed Pair section,2026-08-16,verified_reachable_and_direct_2026-08-16,high,The article explicitly tops grey wide-leg trousers with a simple white button-down.,Cuffed or loose wide-leg trousers to white shirting.,Observed editorial formula; does not prescribe a shirt for every wide-leg silhouette.,retain,
K042,1,"For an explicit oversized tailored blazer or trouser suit, a simple white tank is a directly documented base top.",outerwear,tops,outerwear,none,oversized blazer|trouser suit|pantsuit|tailored suit,none,minimal_tailoring,womenswear,smart casual,office|dinner,all,fashion_editorial,How To Style A Suit In 2024 According To The Street-Style Set,British Vogue,2024,https://www.vogue.co.uk/article/how-to-style-a-suit,Monochrome section,2026-08-16,verified_reachable_and_direct_2026-08-16,high,The monochrome formula explicitly combines an oversized blazer and loose trousers with a white tank.,Oversized tailoring to a white tank.,A specific street-style formula rather than a universal suiting requirement.,retain,
K043,1,"For an explicit voluminous leather bomber in a statement-trouser outfit, a plain white tank is a directly documented base top.",outerwear,tops,outerwear,none,leather bomber|voluminous bomber & statement trouser|checked trouser|check trouser,none,statement_balance,womenswear,smart casual,daytime,autumn,fashion_editorial,How Vogue's Shopping Editor Is Styling Trousers For Autumn,British Vogue,2024,https://www.vogue.co.uk/article/how-to-style-trousers-for-autumn,Leather bomber jacket + statement trousers + kitten heels section,2026-08-16,verified_reachable_and_direct_2026-08-16,high,The editor explicitly combines statement check trousers and a voluminous leather bomber with a white tank.,Leather-bomber statement-trouser outfits to a white tank.,All stated outfit conditions must be observable; do not generalize to every bomber.,retain,
K044,1,"For explicit pointy cowboy boots worn with baggy denim, an Oxford or other button-up shirt is a directly documented top direction.",shoes,tops,shoes,none,cowboy boot|cowgirl boot|western boot & baggy jean|wide leg jean|wide-leg jean,none,western_polish,womenswear,casual,daytime,all,fashion_editorial,The New Baggy Jeans Dominating The Street-Style Circuit,British Vogue,2026,https://www.vogue.co.uk/article/baggy-jeans-trends-outfits,Cowboy roots city polish section,2026-08-16,verified_reachable_and_direct_2026-08-16,high,The article explicitly pairs pointy cowboy boots and baggy denim with an Oxford button-up.,Western boots with baggy denim to button-up tops.,Requires both footwear and denim context; not a generic western-wear rule.,retain,
K045,1,"For explicit patent or highly polished black-tie shoes, a white formal shirt is a directly supported top category.",shoes,tops,shoes,none,patent shoe|polished formal shoe|evening shoe & black tie|black-tie|tuxedo,none,black_tie_menswear,menswear,black tie,gala|formal evening,all,fashion_editorial,Black tie dress code explained,British GQ,2024,https://www.gq-magazine.co.uk/article/black-tie-guide,shirt and footwear sections of the black-tie guide,2026-08-16,verified_reachable_and_direct_2026-08-16,high,The guide specifies a white formal shirt and patent or highly polished shoes within the same black-tie code.,Menswear black-tie footwear to formal shirts.,Requires an explicit black-tie context and does not apply to ordinary black shoes.,retain,
K046,1,"When an oversized tote is the explicit oversized statement piece, prefer non-baggy bottoms rather than adding a second oversized silhouette.",bags,bottoms,bags,none,oversized tote|giant tote|oversized bag,none,volume_control,general,casual,daytime,all,fashion_editorial,Baggy Fashion Is In: What I Learned Embracing the Trend,Vogue,2022,https://www.vogue.com/article/baggy-fashion-summer-trend-styling-tips,stylist quotation advising one oversized element at a time,2026-08-16,verified_reachable_and_direct_2026-08-16,high,Stylists explicitly advise using one oversized statement piece and name a giant tote or baggy jean as alternatives.,Oversized bags to non-baggy bottoms.,Negative volume guidance only; it does not identify a particular trouser cut.,retain,
K047,1,"For an explicit structured city bag in a polished workwear request, grey suit trousers are a documented bottom direction.",bags,bottoms,bags,none,city bag|structured shoulder bag|structured crossbody & workwear|office|polished,none,workwear_capsule,womenswear,business casual,office|work,autumn,fashion_editorial,The Fall-Perfect Street Style Vogue Editors Brought to New York Fashion Week,Vogue,2025,https://www.vogue.com/article/nyfw-editors-street-style-looks-ss26,Virginia Smith section,2026-08-16,verified_reachable_and_direct_2026-08-16,medium,"The editor outfit explicitly combines a City bag with grey suit trousers, a soft knit and pointed boots.",Structured city bags to suit trousers in workwear.,Observed editorial outfit; does not prescribe grey or tailoring outside polished workwear.,retain,
K048,1,"For an explicit white button-down in a fluid neutral outfit, cuffed wide-leg trousers are a directly documented bottom pairing.",tops,bottoms,tops,none,white button down|white button-down|white shirt & fluid|loose|relaxed,none,neutral_tailoring,womenswear,smart casual,office|daytime,all,fashion_editorial,Wide-Leg Trousers Are a Vogue Office Favorite—7 Street Style-Approved Ways to Wear Them,Vogue,2026,https://www.vogue.com/article/how-to-style-wide-leg-trousers,The Cuffed Pair section,2026-08-16,verified_reachable_and_direct_2026-08-16,high,The article explicitly pairs a loose white button-down with cuffed grey wide-leg trousers.,Loose white shirting to cuffed wide-leg trousers.,Requires fluid or relaxed styling context; not a general white-shirt rule.,retain,
K049,1,"For an explicit T-shirt being smartened within a preppy request, pleated trousers are a directly supported bottom direction.",tops,bottoms,tops,none,t-shirt|t shirt|tee & preppy|ivy|smarten,none,preppy_mix,menswear,smart casual,daytime|office,all,fashion_editorial,The GQ Guide to Preppy Style,GQ,2025,https://www.gq.com/story/preppy-style-guide,Tweedy Blazers section,2026-08-16,verified_reachable_and_direct_2026-08-16,high,The guide explicitly recommends using a blazer to smarten a T-shirt tucked into pleated pants.,Preppy T-shirts to pleated trousers.,Requires preppy or smartening intent; not evidence for every T-shirt outfit.,retain,
K050,1,"For an explicit blazer in a relaxed spring outfit, baggy or loose tailored trousers are a directly documented bottom category.",outerwear,bottoms,outerwear,none,blazer|sport coat|sportcoat & relaxed|baggy|loose,none,relaxed_tailoring,general,smart casual,daytime,spring,fashion_editorial,Baggy Trousers And A Blazer Is Spring's Easiest Outfit Formula,British Vogue,2026,https://www.vogue.co.uk/article/baggy-trousers-blazer-spring-outfit,opening paragraphs and coordinated-look formulas,2026-08-16,verified_reachable_and_direct_2026-08-16,high,The article directly identifies baggy trousers and blazers as a recurring outfit formula.,Relaxed blazers to loose trousers.,Seasonal editorial direction; does not require exaggerated pooling or a particular colour.,retain,
K051,1,"For an explicit leather blazer in a dressed-up denim request, wide-leg jeans are a directly documented bottom direction.",outerwear,bottoms,outerwear,none,leather blazer & dress up|dressed up|polished denim|smart denim,none,denim_tailoring,womenswear,smart casual,daytime|evening,all,fashion_editorial,Baggy Jeans Are Still Trending—7 Ways to Style the Model Off-Duty Staple,Vogue,2026,https://www.vogue.com/article/baggy-jean-outfits,With a Leather Blazer and Cowboy Boots section,2026-08-16,verified_reachable_and_direct_2026-08-16,high,The outfit formula explicitly combines a leather blazer and button-down with extra-wide jeans.,Leather blazers to wide-leg denim.,Requires a denim-oriented request; does not support leather blazers with every bottom.,retain,
K052,1,"For explicit loafers in a relaxed tailored request, loose or baggy trousers are a directly documented bottom direction.",shoes,bottoms,shoes,none,loafer|loafers & relaxed tailoring|relaxed tailored|baggy trouser|loose trouser,none,relaxed_tailoring,general,smart casual,daytime,spring,fashion_editorial,Baggy Trousers And A Blazer Is Spring's Easiest Outfit Formula,British Vogue,2026,https://www.vogue.co.uk/article/baggy-trousers-blazer-spring-outfit,opening description and utility-inspired outfit,2026-08-16,verified_reachable_and_direct_2026-08-16,high,The article describes loose trousers breaking over loafers and provides a tailored-trouser loafer formula.,Loafers to relaxed tailored trousers.,Requires relaxed-tailoring context; not a general loafer-to-bottom rule.,retain,
K053,1,"For explicit chunky brogues in a casual polished request, barrel-leg jeans are a documented bottom direction.",shoes,bottoms,shoes,none,chunky brogue|chunky brogues & casual polish|casual polished|barrel jean,none,denim_brogue,womenswear,smart casual,daytime,all,fashion_editorial,Baggy Jeans Are Still Trending—7 Ways to Style the Model Off-Duty Staple,Vogue,2026,https://www.vogue.com/article/baggy-jean-outfits,barrel-leg jean formula with chunky brogues,2026-08-16,verified_reachable_and_direct_2026-08-16,medium,The editorial outfit formula pairs barrel-leg jeans with a collarless blazer and chunky brogues.,Chunky brogues to barrel-leg jeans.,Observed formula; requires casual-polished or barrel-denim context.,retain,
K054,1,"For an explicit formal clutch or elegant top-handle bag, polished stilettos, kitten heels or polished flats are supported shoe categories.",bags,shoes,bags,none,formal clutch|evening clutch|minaudiere|elegant top handle|elegant top-handle,none,formal_accessories,womenswear,formal,formal event|gala|black tie|black-tie,all,fashion_editorial,The Vogue Guide to Formal Attire,Vogue,2025,https://www.vogue.com/article/the-vogue-guide-to-formal-attire,Formal attire shoes and accessories for women section,2026-08-16,verified_reachable_and_direct_2026-08-16,high,"The guide discusses clutches and elegant top-handle bags alongside stilettos, kitten heels and polished flats for formal attire.",Formal bags to polished formal shoes.,Supports category and polish rather than matching bag and shoe colours.,retain,
K055,1,"For an explicit work bag in a summer commuting request, a walkable sandal or stylish sneaker is a directly supported shoe direction.",bags,shoes,bags,none,work bag|office tote|work tote & summer|commute|commuting,none,summer_workwear,womenswear,business casual,office|work,summer,fashion_editorial,The Summer Work Bags Vogue Editors Use Everyday,Vogue,2025,https://www.vogue.com/article/editors-summer-work-bags,opening paragraph naming workwear shoes trousers and bags,2026-08-16,verified_reachable_and_direct_2026-08-16,high,The article explicitly identifies a walkable sandal or stylish sneaker as a summer-workwear staple alongside the work bag.,Summer work bags to practical polished shoes.,Requires summer or commuting context; does not endorse athletic performance footwear.,retain,
K056,1,"For explicit baggy trousers in relaxed tailoring, trainers or loafers are directly documented shoe directions.",bottoms,shoes,bottoms,none,baggy trouser|loose trouser|relaxed trouser,none,relaxed_tailoring,general,smart casual,daytime,spring,fashion_editorial,Baggy Trousers And A Blazer Is Spring's Easiest Outfit Formula,British Vogue,2026,https://www.vogue.co.uk/article/baggy-trousers-blazer-spring-outfit,opening description of trousers breaking over trainers and loafers,2026-08-16,verified_reachable_and_direct_2026-08-16,high,The article explicitly describes loose trousers worn over trainers and loafers.,Loose trousers to trainers or loafers.,Does not select between the two without additional formality context.,retain,
K057,1,"For explicit relaxed khaki wide-leg trousers in a preppy request, loafers are a directly documented shoe pairing.",bottoms,shoes,bottoms,none,khaki trouser|khaki pant & wide leg|wide-leg|pleated,none,preppy_trouser,womenswear,smart casual,daytime|office,all,fashion_editorial,Wide-Leg Trousers Are a Vogue Office Favorite—7 Street Style-Approved Ways to Wear Them,Vogue,2026,https://www.vogue.com/article/how-to-style-wide-leg-trousers,The Relaxed Khaki section,2026-08-16,verified_reachable_and_direct_2026-08-16,high,"The relaxed-khaki formula explicitly combines wide pleated trousers with loafers, a blue button-up and an anorak.",Wide khaki trousers to loafers.,A preppy editorial formula; not support for all khaki bottoms.,retain,
K058,1,"For an explicit straight-leg jean and simple crewneck T-shirt outfit being polished, pointed kitten heels are a documented shoe direction.",tops,shoes,tops,none,crewneck t-shirt|crewneck t shirt|crewneck tee & straight leg jean|straight-leg jean,none,off_duty_polish,womenswear,smart casual,daytime,summer,fashion_editorial,How To Do Chic Summer Denim According To Alexa,British Vogue,2023,https://www.vogue.co.uk/article/alexa-chung-chic-summer-denim,paragraph detailing jeans T-shirt blazer bag and kitten heels,2026-08-16,verified_reachable_and_direct_2026-08-16,medium,The documented outfit combines a crewneck T-shirt and straight-leg jeans with pointed kitten heels.,Simple tee and straight denim to kitten heels.,Observed celebrity outfit; requires both top and denim context.,retain,
K059,1,"For an explicit monochrome trouser suit with a simple tank, black sandals are a directly documented shoe direction.",tops,shoes,tops,none,white tank|simple tank & trouser suit|pantsuit|monochrome suit,none,monochrome_tailoring,womenswear,smart casual,office|dinner,all,fashion_editorial,How To Style A Suit In 2024 According To The Street-Style Set,British Vogue,2024,https://www.vogue.co.uk/article/how-to-style-a-suit,Monochrome section,2026-08-16,verified_reachable_and_direct_2026-08-16,high,The monochrome formula explicitly combines a white tank and loose trouser suit with black sandals.,Tank-and-suit outfits to black sandals.,Specific monochrome formula; not a general rule for tank tops.,retain,
K060,1,"For an explicit blazer-and-dark-jeans neo-prep request, penny loafers are a directly documented shoe direction.",outerwear,shoes,outerwear,none,blazer|sport coat|sportcoat & dark jean|dark denim|neo prep|neo-prep,none,neo_prep,menswear,smart casual,daytime|office,all,fashion_editorial,How to Pull Off a Blazer With Jeans in 2026,GQ,2026,https://www.gq.com/story/how-to-pull-off-a-blazer-and-jeans,The Neo-Prep Look section,2026-08-16,verified_reachable_and_direct_2026-08-16,high,"The neo-prep formula explicitly combines a checked blazer, dark straight jeans and penny loafers.",Blazer-and-dark-denim outfits to penny loafers.,Requires denim or neo-prep context; not a universal blazer shoe rule.,retain,
K061,1,"For an explicit leather bomber and statement-trouser outfit, a metallic kitten heel is a directly documented shoe direction.",outerwear,shoes,outerwear,none,leather bomber & statement trouser|checked trouser|check trouser,none,statement_balance,womenswear,smart casual,daytime,autumn,fashion_editorial,How Vogue's Shopping Editor Is Styling Trousers For Autumn,British Vogue,2024,https://www.vogue.co.uk/article/how-to-style-trousers-for-autumn,Leather bomber jacket + statement trousers + kitten heels section,2026-08-16,verified_reachable_and_direct_2026-08-16,high,The editor explicitly finishes the leather-bomber and statement-trouser outfit with a metallic kitten heel.,Leather-bomber statement-trouser outfits to kitten heels.,All stated components must be observable; no inference to other bomber outfits.,retain,
K062,1,"For an explicit embellished statement bag in a head-to-toe black tailored request, a black tailored blazer is a documented outerwear direction.",bags,outerwear,bags,none,embellished bag|floral bag|statement top handle|statement top-handle & all black|head to toe black|head-to-toe black,none,black_statement,womenswear,formal,office|evening,all,fashion_editorial,How to Wear Head-to-Toe Black? Jessica Chastain Proves It's All About the Statement Bag,Vogue,2017,https://www.vogue.com/article/jessica-chastain-louis-vuitton-capucines-bag-celebrity-street-style,paragraphs describing the all-black pantsuit and embellished top-handle bag,2026-08-16,verified_reachable_and_direct_2026-08-16,medium,The documented look combines an embellished top-handle bag with a head-to-toe black pantsuit.,Statement bags to black tailored outerwear.,Observed celebrity outfit; requires explicit all-black tailoring context.,retain,
K063,1,"For an explicit denim handbag in a polished denim request, a structured blazer is a documented outerwear direction.",bags,outerwear,bags,none,denim bag|jean bag & polished denim|double denim|denim outfit,none,denim_coordination,womenswear,smart casual,daytime,all,fashion_editorial,As a Denimhead I'm All In on Jean Bags,Vogue,2024,https://www.vogue.com/article/denim-bags-fall-2024-trend,celebrity styling paragraph describing a denim bag with structured blazer and jeans,2026-08-16,verified_reachable_and_direct_2026-08-16,medium,The article explicitly documents a denim Chanel bag paired with a structured blazer and jeans.,Denim bags to structured blazers in denim outfits.,Observed celebrity formula; does not claim denim-on-denim is required.,retain,
K064,1,"For explicit penny loafers with dark straight jeans in a neo-prep request, a checked or simple blue blazer is a directly documented outerwear direction.",shoes,outerwear,shoes,none,penny loafer|penny loafers & dark jean|dark denim|neo prep|neo-prep,none,neo_prep,menswear,smart casual,daytime|office,all,fashion_editorial,How to Pull Off a Blazer With Jeans in 2026,GQ,2026,https://www.gq.com/story/how-to-pull-off-a-blazer-and-jeans,Neo-Prep and New-Wave Classic sections,2026-08-16,verified_reachable_and_direct_2026-08-16,high,The guide explicitly combines penny loafers and dark jeans with checked tailoring and recommends a simple blue blazer for the related formula.,Penny-loafer dark-denim looks to blazers.,Requires denim or neo-prep context; not a rule for formal loafer outfits.,retain,
K065,1,"For explicit pointy cowboy boots with extra-wide jeans, a leather blazer is a directly documented outerwear direction.",shoes,outerwear,shoes,none,cowboy boot|cowgirl boot|western boot & wide leg jean|wide-leg jean|extra wide jean,none,western_tailoring,womenswear,smart casual,daytime,all,fashion_editorial,Baggy Jeans Are Still Trending—7 Ways to Style the Model Off-Duty Staple,Vogue,2026,https://www.vogue.com/article/baggy-jean-outfits,With a Leather Blazer and Cowboy Boots section,2026-08-16,verified_reachable_and_direct_2026-08-16,high,"The outfit formula explicitly combines pointy cowboy boots, extra-wide jeans and a leather blazer.",Western boots and wide denim to leather blazers.,Requires the wide-denim context; not a general cowboy-boot rule.,retain,
K066,1,"For explicit baggy or loose tailored trousers, a blazer is a directly documented outerwear direction.",bottoms,outerwear,bottoms,none,baggy trouser|loose trouser|relaxed tailored trouser,none,relaxed_tailoring,general,smart casual,daytime,spring,fashion_editorial,Baggy Trousers And A Blazer Is Spring's Easiest Outfit Formula,British Vogue,2026,https://www.vogue.co.uk/article/baggy-trousers-blazer-spring-outfit,opening paragraphs identifying the repeated outfit formula,2026-08-16,verified_reachable_and_direct_2026-08-16,high,The article directly identifies baggy trousers and blazers as a standout recurring formula.,Loose tailored trousers to blazers.,"Does not determine blazer colour, material or degree of structure.",retain,
K067,1,"For explicit relaxed khaki wide-leg trousers in a preppy daytime request, an anorak is a directly documented outerwear option.",bottoms,outerwear,bottoms,none,khaki trouser|khaki pant & wide leg|wide-leg|pleated,none,preppy_utility,womenswear,smart casual,daytime,all,fashion_editorial,Wide-Leg Trousers Are a Vogue Office Favorite—7 Street Style-Approved Ways to Wear Them,Vogue,2026,https://www.vogue.com/article/how-to-style-wide-leg-trousers,The Relaxed Khaki section,2026-08-16,verified_reachable_and_direct_2026-08-16,high,The relaxed-khaki formula explicitly pairs wide pleated trousers with a blue button-up and an anorak.,Wide khaki trousers to anoraks.,One preppy editorial formula; does not apply to formal tailored trousers.,retain,
K068,1,"For an explicit T-shirt tucked into pleated trousers in a preppy request, an unstructured tweed or corduroy blazer is a directly supported outerwear direction.",tops,outerwear,tops,none,t-shirt|t shirt|tee & pleated trouser|pleated pant & preppy|ivy,none,preppy_mix,menswear,smart casual,daytime|office,all,fashion_editorial,The GQ Guide to Preppy Style,GQ,2025,https://www.gq.com/story/preppy-style-guide,Tweedy Blazers section,2026-08-16,verified_reachable_and_direct_2026-08-16,high,The guide directly recommends an unstructured blazer to smarten a T-shirt tucked into pleated pants.,Preppy tee-and-pleated-trouser outfits to textured blazers.,Requires both pleated-trouser and preppy context.,retain,
K069,1,"For an explicit button-down with extra-wide jeans in a polished request, a leather blazer is a directly documented outerwear direction.",tops,outerwear,tops,none,button down|button-down|button up|button-up & wide leg jean|wide-leg jean|extra wide jean,none,denim_tailoring,womenswear,smart casual,daytime|evening,all,fashion_editorial,Baggy Jeans Are Still Trending—7 Ways to Style the Model Off-Duty Staple,Vogue,2026,https://www.vogue.com/article/baggy-jean-outfits,With a Leather Blazer and Cowboy Boots section,2026-08-16,verified_reachable_and_direct_2026-08-16,high,The outfit formula explicitly combines a slim button-down and extra-wide jeans with a leather blazer.,Button-down and wide-denim outfits to leather blazers.,Requires the wide-denim context; not a general button-down layering rule.,retain,
K070,1,"For an explicit summer outfit combining a button-up or tank with silk drawstring trousers, an understated structured handbag is a directly documented bag direction.",tops,bags,tops|bottoms|outerwear|shoes,none,button up|button-up|tank top|simple tank & silk trouser|drawstring trouser|summer outfit,none,summer_minimal,womenswear,casual,daytime,summer,fashion_editorial,10 Chic Ways to Style Summer's Hero Handbags,Vogue,2023,https://www.vogue.com/article/summer-handbag-outfits,opening styling paragraph,2026-08-16,verified_reachable_and_direct_2026-08-16,high,"The article explicitly pairs understated handbags with a button-up, tank and silk drawstring pants.",Minimal summer separates to understated handbags.,Requires the stated summer separates; does not select a colour or exact bag shape.,retain,
K071,1,"For explicit baggy jeans with an oversized bomber, an XL slouchy bag is a directly documented bag direction.",bottoms,bags,tops|bottoms|outerwear|shoes,none,baggy jean|wide leg jean|wide-leg jean & oversized bomber|big bomber,none,oversized_denim,womenswear,casual,daytime,all,fashion_editorial,The New Baggy Jeans Dominating The Street-Style Circuit,British Vogue,2026,https://www.vogue.co.uk/article/baggy-jeans-trends-outfits,Oversized accessorised section,2026-08-16,verified_reachable_and_direct_2026-08-16,high,The article explicitly pairs baggy jeans and a big bomber with an XL slouchy bag.,Baggy-denim oversized-bomber outfits to slouchy bags.,This formula intentionally uses multiple oversized pieces and should not override general volume-restraint rules in other contexts.,retain,
K072,1,"For an explicit polished outfit of grey suit trousers, a soft knit and pointed boots, a structured City-style bag is a documented finishing direction.",outerwear,bags,tops|bottoms|outerwear|shoes,none,grey suit trouser|gray suit trouser & soft knit|crewneck knit & pointed boot,none,workwear_capsule,womenswear,business casual,office|work,autumn,fashion_editorial,The Fall-Perfect Street Style Vogue Editors Brought to New York Fashion Week,Vogue,2025,https://www.vogue.com/article/nyfw-editors-street-style-looks-ss26,Virginia Smith section,2026-08-16,verified_reachable_and_direct_2026-08-16,medium,"The documented editor outfit combines grey suit trousers, a soft knit, pointed boots and a City bag.",Specific polished capsule outfit to a structured city bag.,All three clothing conditions must be observable; no inference to unrelated workwear.,retain,
K073,1,"For explicit polished women's formal footwear in a formal-attire request, a clutch or equally elegant small top-handle bag is a directly supported bag category.",shoes,bags,tops|bottoms|outerwear|shoes,none,stiletto|kitten heel|polished flat|formal shoe & formal attire|formal event|gala,none,formal_accessories,womenswear,formal,formal event|gala,all,fashion_editorial,The Vogue Guide to Formal Attire,Vogue,2025,https://www.vogue.com/article/the-vogue-guide-to-formal-attire,Formal attire shoes and accessories for women section,2026-08-16,verified_reachable_and_direct_2026-08-16,high,The guide discusses polished formal footwear alongside clutches and elegant small top-handle bags.,Women's formal shoes to small formal bags.,Does not require shoes and bag to match in colour or material.,retain,
K074,1,"For an explicit white summer day dress, a hand-crocheted or woven tote is a directly documented bag direction.",tops,bags,tops|bottoms|outerwear|shoes,none,white day dress|white summer dress|white shirtdress & summer,none,summer_day,womenswear,casual,daytime,summer,fashion_editorial,10 Chic Ways to Style Summer's Hero Handbags,Vogue,2023,https://www.vogue.com/article/summer-handbag-outfits,paragraph on the hand-crocheted tote and white day dress,2026-08-16,verified_reachable_and_direct_2026-08-16,high,The article explicitly recommends a hand-crocheted tote with a white day dress.,White summer day dresses to crochet or woven totes.,Seasonal womenswear formula; not evidence for formal white dresses.,retain,
K075,1,"For an explicit striped sweater and denim midi-skirt summer outfit, a woven tote is a directly documented bag direction.",bottoms,bags,tops|bottoms|outerwear|shoes,none,denim midi skirt|denim midiskirt & striped sweater|stripe sweater & summer,none,summer_denim,womenswear,casual,daytime,summer,fashion_editorial,10 Chic Ways to Style Summer's Hero Handbags,Vogue,2023,https://www.vogue.com/article/summer-handbag-outfits,paragraph pairing woven totes with a striped sweater and denim midi-skirt,2026-08-16,verified_reachable_and_direct_2026-08-16,high,The article explicitly pairs woven totes with a striped sweater and denim midi-skirt.,Striped-knit denim-skirt summer outfits to woven totes.,All stated clothing and seasonal context must be observable.,retain,
