case_id,generator,trace_size,used,available,utilization
case-00394c0d34524ad6,gemma4:12b,2,1,2,0.5
case-00394c0d34524ad6,llama3.1:8b-instruct-q8_0,2,1,2,0.5
case-00394c0d34524ad6,ministral-3:14b-instruct-2512-q4_K_M,2,0,2,0.0
case-014db2eb6705d417,gemma4:12b,1,1,1,1.0
case-014db2eb6705d417,llama3.1:8b-instruct-q8_0,1,1,1,1.0
case-014db2eb6705d417,ministral-3:14b-instruct-2512-q4_K_M,1,1,1,1.0
case-016755b4f2bd3327,gemma4:12b,1,1,1,1.0
case-016755b4f2bd3327,llama3.1:8b-instruct-q8_0,1,1,1,1.0
case-016755b4f2bd3327,ministral-3:14b-instruct-2512-q4_K_M,1,1,1,1.0
case-0173bdb2934d615e,gemma4:12b,2,2,2,1.0
case-0173bdb2934d615e,llama3.1:8b-instruct-q8_0,2,1,2,0.5
case-0173bdb2934d615e,ministral-3:14b-instruct-2512-q4_K_M,2,1,2,0.5
case-0216651fe59b29df,gemma4:12b,1,1,1,1.0
case-0216651fe59b29df,llama3.1:8b-instruct-q8_0,1,1,1,1.0
case-0216651fe59b29df,ministral-3:14b-instruct-2512-q4_K_M,1,0,1,0.0
case-026665827bfaaf65,gemma4:12b,1,1,1,1.0
case-026665827bfaaf65,llama3.1:8b-instruct-q8_0,1,0,1,0.0
case-026665827bfaaf65,ministral-3:14b-instruct-2512-q4_K_M,1,1,1,1.0
case-02d951caba7142ce,gemma4:12b,2,2,2,1.0
case-02d951caba7142ce,llama3.1:8b-instruct-q8_0,2,2,2,1.0
case-02d951caba7142ce,ministral-3:14b-instruct-2512-q4_K_M,2,1,2,0.5
case-02eee18676b73841,gemma4:12b,1,1,1,1.0
case-02eee18676b73841,llama3.1:8b-instruct-q8_0,1,1,1,1.0
case-02eee18676b73841,ministral-3:14b-instruct-2512-q4_K_M,1,1,1,1.0
case-03aa92a88990b171,gemma4:12b,1,1,1,1.0
case-03aa92a88990b171,llama3.1:8b-instruct-q8_0,1,1,1,1.0
case-03aa92a88990b171,ministral-3:14b-instruct-2512-q4_K_M,1,1,1,1.0
case-03c159181e5dee57,gemma4:12b,1,1,1,1.0
case-03c159181e5dee57,llama3.1:8b-instruct-q8_0,1,1,1,1.0
case-03c159181e5dee57,ministral-3:14b-instruct-2512-q4_K_M,1,1,1,1.0
case-03ef2447e81a3c05,gemma4:12b,2,2,2,1.0
case-03ef2447e81a3c05,llama3.1:8b-instruct-q8_0,2,2,2,1.0
case-03ef2447e81a3c05,ministral-3:14b-instruct-2512-q4_K_M,2,2,2,1.0
case-043797c4cb7dee57,gemma4:12b,1,1,1,1.0
case-043797c4cb7dee57,llama3.1:8b-instruct-q8_0,1,1,1,1.0
case-043797c4cb7dee57,ministral-3:14b-instruct-2512-q4_K_M,1,1,1,1.0
case-049f4c3321d95a46,gemma4:12b,2,1,2,0.5
case-049f4c3321d95a46,llama3.1:8b-instruct-q8_0,2,2,2,1.0
case-049f4c3321d95a46,ministral-3:14b-instruct-2512-q4_K_M,2,2,2,1.0
case-04c0e19c3be2d124,gemma4:12b,1,1,1,1.0
case-04c0e19c3be2d124,llama3.1:8b-instruct-q8_0,1,1,1,1.0
case-04c0e19c3be2d124,ministral-3:14b-instruct-2512-q4_K_M,1,1,1,1.0
case-04f411a897ac7ef9,gemma4:12b,1,1,1,1.0
case-04f411a897ac7ef9,llama3.1:8b-instruct-q8_0,1,1,1,1.0
case-051b60b8ffa574ab,gemma4:12b,1,1,1,1.0
case-051b60b8ffa574ab,llama3.1:8b-instruct-q8_0,1,1,1,1.0
case-051b60b8ffa574ab,ministral-3:14b-instruct-2512-q4_K_M,1,1,1,1.0
case-0565bcc9faed41ed,gemma4:12b,1,1,1,1.0
case-0565bcc9faed41ed,llama3.1:8b-instruct-q8_0,1,1,1,1.0
case-0565bcc9faed41ed,ministral-3:14b-instruct-2512-q4_K_M,1,1,1,1.0
case-0693c9edf972beff,gemma4:12b,1,1,1,1.0
case-0693c9edf972beff,llama3.1:8b-instruct-q8_0,1,1,1,1.0
case-0693c9edf972beff,ministral-3:14b-instruct-2512-q4_K_M,1,1,1,1.0
case-08579e6c896be310,gemma4:12b,2,1,2,0.5
case-08579e6c896be310,llama3.1:8b-instruct-q8_0,2,2,2,1.0
case-08579e6c896be310,ministral-3:14b-instruct-2512-q4_K_M,2,2,2,1.0
case-08f8cffdd1fd87da,gemma4:12b,1,1,1,1.0
case-08f8cffdd1fd87da,llama3.1:8b-instruct-q8_0,1,1,1,1.0
case-08f8cffdd1fd87da,ministral-3:14b-instruct-2512-q4_K_M,1,1,1,1.0
case-094db2a4cbd25ec7,gemma4:12b,1,1,1,1.0
case-094db2a4cbd25ec7,llama3.1:8b-instruct-q8_0,1,1,1,1.0
case-094db2a4cbd25ec7,ministral-3:14b-instruct-2512-q4_K_M,1,1,1,1.0
case-09628ef84cbf20ab,gemma4:12b,1,1,1,1.0
case-09628ef84cbf20ab,llama3.1:8b-instruct-q8_0,1,1,1,1.0
case-09628ef84cbf20ab,ministral-3:14b-instruct-2512-q4_K_M,1,1,1,1.0
case-0a3210140612bf08,gemma4:12b,1,1,1,1.0
case-0a3210140612bf08,llama3.1:8b-instruct-q8_0,1,1,1,1.0
case-0a3210140612bf08,ministral-3:14b-instruct-2512-q4_K_M,1,1,1,1.0
case-0a71b4f934ffc63b,gemma4:12b,2,2,2,1.0
case-0a71b4f934ffc63b,llama3.1:8b-instruct-q8_0,2,2,2,1.0
case-0a71b4f934ffc63b,ministral-3:14b-instruct-2512-q4_K_M,2,2,2,1.0
case-0b262dcd5d6c39a4,gemma4:12b,2,1,2,0.5
case-0b262dcd5d6c39a4,llama3.1:8b-instruct-q8_0,2,2,2,1.0
case-0b262dcd5d6c39a4,ministral-3:14b-instruct-2512-q4_K_M,2,2,2,1.0
case-0b8aa30b40b7cd27,gemma4:12b,1,1,1,1.0
case-0b8aa30b40b7cd27,llama3.1:8b-instruct-q8_0,1,1,1,1.0
case-0b8aa30b40b7cd27,ministral-3:14b-instruct-2512-q4_K_M,1,1,1,1.0
case-0c1644002e09f0a9,gemma4:12b,1,1,1,1.0
case-0c1644002e09f0a9,llama3.1:8b-instruct-q8_0,1,1,1,1.0
case-0c1644002e09f0a9,ministral-3:14b-instruct-2512-q4_K_M,1,1,1,1.0
case-0cac5b9e1c55b529,gemma4:12b,2,2,2,1.0
case-0cac5b9e1c55b529,llama3.1:8b-instruct-q8_0,2,1,2,0.5
case-0cac5b9e1c55b529,ministral-3:14b-instruct-2512-q4_K_M,2,2,2,1.0
case-0cc5d527ad1c2086,gemma4:12b,2,2,2,1.0
case-0cc5d527ad1c2086,llama3.1:8b-instruct-q8_0,2,2,2,1.0
case-0cc5d527ad1c2086,ministral-3:14b-instruct-2512-q4_K_M,2,2,2,1.0
case-0cf08d1b57986cc4,gemma4:12b,1,1,1,1.0
case-0cf08d1b57986cc4,llama3.1:8b-instruct-q8_0,1,1,1,1.0
case-0cf08d1b57986cc4,ministral-3:14b-instruct-2512-q4_K_M,1,1,1,1.0
case-0da2688c311a7c25,gemma4:12b,1,1,1,1.0
case-0da2688c311a7c25,llama3.1:8b-instruct-q8_0,1,1,1,1.0
case-0da2688c311a7c25,ministral-3:14b-instruct-2512-q4_K_M,1,1,1,1.0
case-0dfaeb012d2ad15c,gemma4:12b,2,1,2,0.5
case-0dfaeb012d2ad15c,llama3.1:8b-instruct-q8_0,2,2,2,1.0
case-0dfaeb012d2ad15c,ministral-3:14b-instruct-2512-q4_K_M,2,1,2,0.5
case-0e09fa322e23031e,gemma4:12b,1,1,1,1.0
case-0e09fa322e23031e,llama3.1:8b-instruct-q8_0,1,1,1,1.0
case-0e09fa322e23031e,ministral-3:14b-instruct-2512-q4_K_M,1,1,1,1.0
case-0e17dc89bc904c04,gemma4:12b,2,2,2,1.0
case-0e17dc89bc904c04,llama3.1:8b-instruct-q8_0,2,1,2,0.5
case-0e17dc89bc904c04,ministral-3:14b-instruct-2512-q4_K_M,2,2,2,1.0
case-0e610afd8b819497,gemma4:12b,1,1,1,1.0
case-0e610afd8b819497,llama3.1:8b-instruct-q8_0,1,1,1,1.0
case-0e610afd8b819497,ministral-3:14b-instruct-2512-q4_K_M,1,1,1,1.0
case-0e9883918b0ca714,gemma4:12b,1,1,1,1.0
case-0e9883918b0ca714,llama3.1:8b-instruct-q8_0,1,0,1,0.0
case-0e9883918b0ca714,ministral-3:14b-instruct-2512-q4_K_M,1,0,1,0.0
case-0e9bfb5fc191165c,gemma4:12b,1,1,1,1.0
case-0e9bfb5fc191165c,llama3.1:8b-instruct-q8_0,1,1,1,1.0
case-0e9bfb5fc191165c,ministral-3:14b-instruct-2512-q4_K_M,1,1,1,1.0
case-0f2bb5ee60bc7a9a,gemma4:12b,2,2,2,1.0
case-0f2bb5ee60bc7a9a,llama3.1:8b-instruct-q8_0,2,1,2,0.5
case-0f2bb5ee60bc7a9a,ministral-3:14b-instruct-2512-q4_K_M,2,2,2,1.0
case-0fe1a953b53776f6,gemma4:12b,1,1,1,1.0
case-0fe1a953b53776f6,llama3.1:8b-instruct-q8_0,1,1,1,1.0
case-0fe1a953b53776f6,ministral-3:14b-instruct-2512-q4_K_M,1,1,1,1.0
case-1162e8ed0ed6ad00,gemma4:12b,1,1,1,1.0
case-1162e8ed0ed6ad00,llama3.1:8b-instruct-q8_0,1,1,1,1.0
case-1162e8ed0ed6ad00,ministral-3:14b-instruct-2512-q4_K_M,1,1,1,1.0
case-1204bb6d3c3013b9,gemma4:12b,1,1,1,1.0
case-1204bb6d3c3013b9,llama3.1:8b-instruct-q8_0,1,1,1,1.0
case-1204bb6d3c3013b9,ministral-3:14b-instruct-2512-q4_K_M,1,1,1,1.0
case-14b7352b2d12f819,gemma4:12b,2,1,2,0.5
case-14b7352b2d12f819,llama3.1:8b-instruct-q8_0,2,0,2,0.0
case-14b7352b2d12f819,ministral-3:14b-instruct-2512-q4_K_M,2,2,2,1.0
case-1596dad08da027d1,gemma4:12b,1,1,1,1.0
case-1596dad08da027d1,llama3.1:8b-instruct-q8_0,1,1,1,1.0
case-1596dad08da027d1,ministral-3:14b-instruct-2512-q4_K_M,1,1,1,1.0
case-162553774c68df41,gemma4:12b,2,0,2,0.0
case-162553774c68df41,llama3.1:8b-instruct-q8_0,2,2,2,1.0
case-162553774c68df41,ministral-3:14b-instruct-2512-q4_K_M,2,0,2,0.0
case-16512ea253d9f43a,gemma4:12b,1,1,1,1.0
case-16512ea253d9f43a,ministral-3:14b-instruct-2512-q4_K_M,1,1,1,1.0
case-18513b7046cb77c0,gemma4:12b,1,1,1,1.0
case-18513b7046cb77c0,llama3.1:8b-instruct-q8_0,1,1,1,1.0
case-18513b7046cb77c0,ministral-3:14b-instruct-2512-q4_K_M,1,1,1,1.0
case-18a4a12f6193ad55,gemma4:12b,1,1,1,1.0
case-18a4a12f6193ad55,llama3.1:8b-instruct-q8_0,1,1,1,1.0
case-18a4a12f6193ad55,ministral-3:14b-instruct-2512-q4_K_M,1,1,1,1.0
case-191d6722602fff74,gemma4:12b,2,2,2,1.0
case-191d6722602fff74,llama3.1:8b-instruct-q8_0,2,1,2,0.5
case-191d6722602fff74,ministral-3:14b-instruct-2512-q4_K_M,2,2,2,1.0
case-19c36cc537975dc4,gemma4:12b,2,2,2,1.0
case-19c36cc537975dc4,llama3.1:8b-instruct-q8_0,2,0,2,0.0
case-19c36cc537975dc4,ministral-3:14b-instruct-2512-q4_K_M,2,2,2,1.0
case-1a1a490478a526ea,gemma4:12b,1,1,1,1.0
case-1a1a490478a526ea,llama3.1:8b-instruct-q8_0,1,1,1,1.0
case-1a1a490478a526ea,ministral-3:14b-instruct-2512-q4_K_M,1,1,1,1.0
case-1b29b19b84746cc8,gemma4:12b,1,1,1,1.0
case-1b29b19b84746cc8,llama3.1:8b-instruct-q8_0,1,1,1,1.0
case-1b29b19b84746cc8,ministral-3:14b-instruct-2512-q4_K_M,1,1,1,1.0
case-1b8ed66ff7024531,gemma4:12b,1,1,1,1.0
case-1b8ed66ff7024531,llama3.1:8b-instruct-q8_0,1,1,1,1.0
case-1b8ed66ff7024531,ministral-3:14b-instruct-2512-q4_K_M,1,1,1,1.0
case-1beb353b17306966,gemma4:12b,2,2,2,1.0
case-1beb353b17306966,llama3.1:8b-instruct-q8_0,2,1,2,0.5
case-1beb353b17306966,ministral-3:14b-instruct-2512-q4_K_M,2,2,2,1.0
case-1becd8554ecaa063,gemma4:12b,4,1,4,0.25
case-1becd8554ecaa063,llama3.1:8b-instruct-q8_0,4,2,4,0.5
case-1becd8554ecaa063,ministral-3:14b-instruct-2512-q4_K_M,4,2,4,0.5
case-1c7225eeebc390f4,gemma4:12b,1,1,1,1.0
case-1c7225eeebc390f4,llama3.1:8b-instruct-q8_0,1,1,1,1.0
case-1c7225eeebc390f4,ministral-3:14b-instruct-2512-q4_K_M,1,1,1,1.0
case-1d2737e23ac6b3f0,gemma4:12b,1,1,1,1.0
case-1d2737e23ac6b3f0,llama3.1:8b-instruct-q8_0,1,1,1,1.0
case-1d2737e23ac6b3f0,ministral-3:14b-instruct-2512-q4_K_M,1,1,1,1.0
case-1de749080832764d,gemma4:12b,1,1,1,1.0
case-1de749080832764d,llama3.1:8b-instruct-q8_0,1,1,1,1.0
case-1de749080832764d,ministral-3:14b-instruct-2512-q4_K_M,1,1,1,1.0
case-1ed5d8c62d220374,gemma4:12b,3,1,3,0.3333333333333333
case-1ed5d8c62d220374,llama3.1:8b-instruct-q8_0,3,1,3,0.3333333333333333
case-1ed5d8c62d220374,ministral-3:14b-instruct-2512-q4_K_M,3,2,3,0.6666666666666666
case-1ef79624a6769a14,gemma4:12b,2,2,2,1.0
case-1ef79624a6769a14,llama3.1:8b-instruct-q8_0,2,2,2,1.0
case-1ef79624a6769a14,ministral-3:14b-instruct-2512-q4_K_M,2,2,2,1.0
case-1f298f36a61f0496,gemma4:12b,2,1,2,0.5
case-1f298f36a61f0496,llama3.1:8b-instruct-q8_0,2,1,2,0.5
case-1f298f36a61f0496,ministral-3:14b-instruct-2512-q4_K_M,2,1,2,0.5
case-1f56a1ea393cad23,gemma4:12b,1,1,1,1.0
case-1f56a1ea393cad23,llama3.1:8b-instruct-q8_0,1,1,1,1.0
case-1f56a1ea393cad23,ministral-3:14b-instruct-2512-q4_K_M,1,1,1,1.0
case-1f6de73980748067,gemma4:12b,1,1,1,1.0
case-1f6de73980748067,llama3.1:8b-instruct-q8_0,1,1,1,1.0
case-1f6de73980748067,ministral-3:14b-instruct-2512-q4_K_M,1,1,1,1.0
case-1f9625ec5b3bce19,gemma4:12b,1,1,1,1.0
case-1f9625ec5b3bce19,llama3.1:8b-instruct-q8_0,1,1,1,1.0
case-1f9625ec5b3bce19,ministral-3:14b-instruct-2512-q4_K_M,1,0,1,0.0
case-205c6772cb8f24a3,gemma4:12b,2,2,2,1.0
case-205c6772cb8f24a3,llama3.1:8b-instruct-q8_0,2,2,2,1.0
case-205c6772cb8f24a3,ministral-3:14b-instruct-2512-q4_K_M,2,2,2,1.0
case-20aa298949b7b429,gemma4:12b,1,1,1,1.0
case-20aa298949b7b429,llama3.1:8b-instruct-q8_0,1,1,1,1.0
case-20aa298949b7b429,ministral-3:14b-instruct-2512-q4_K_M,1,1,1,1.0
case-20c0daf9959bcee2,gemma4:12b,1,1,1,1.0
case-20c0daf9959bcee2,llama3.1:8b-instruct-q8_0,1,1,1,1.0
case-20c0daf9959bcee2,ministral-3:14b-instruct-2512-q4_K_M,1,1,1,1.0
case-2115255a06f4a35a,gemma4:12b,2,2,2,1.0
case-2115255a06f4a35a,llama3.1:8b-instruct-q8_0,2,2,2,1.0
case-2115255a06f4a35a,ministral-3:14b-instruct-2512-q4_K_M,2,2,2,1.0
case-214f2477049c7c43,gemma4:12b,1,1,1,1.0
case-214f2477049c7c43,llama3.1:8b-instruct-q8_0,1,1,1,1.0
case-214f2477049c7c43,ministral-3:14b-instruct-2512-q4_K_M,1,1,1,1.0
case-216ac70eeaf32dc9,gemma4:12b,1,1,1,1.0
case-216ac70eeaf32dc9,llama3.1:8b-instruct-q8_0,1,1,1,1.0
case-216ac70eeaf32dc9,ministral-3:14b-instruct-2512-q4_K_M,1,1,1,1.0
case-21a63fff9a220bba,gemma4:12b,1,1,1,1.0
case-21a63fff9a220bba,llama3.1:8b-instruct-q8_0,1,1,1,1.0
case-21a63fff9a220bba,ministral-3:14b-instruct-2512-q4_K_M,1,1,1,1.0
case-21c592c32bd06035,gemma4:12b,1,1,1,1.0
case-21c592c32bd06035,llama3.1:8b-instruct-q8_0,1,1,1,1.0
case-21c592c32bd06035,ministral-3:14b-instruct-2512-q4_K_M,1,1,1,1.0
case-220dd48019439129,gemma4:12b,1,1,1,1.0
case-220dd48019439129,llama3.1:8b-instruct-q8_0,1,1,1,1.0
case-220dd48019439129,ministral-3:14b-instruct-2512-q4_K_M,1,1,1,1.0
case-23100c6fb3b44e88,gemma4:12b,1,1,1,1.0
case-23100c6fb3b44e88,llama3.1:8b-instruct-q8_0,1,1,1,1.0
case-23100c6fb3b44e88,ministral-3:14b-instruct-2512-q4_K_M,1,0,1,0.0
case-2329e43c1f95d833,gemma4:12b,1,1,1,1.0
case-2329e43c1f95d833,llama3.1:8b-instruct-q8_0,1,1,1,1.0
case-2329e43c1f95d833,ministral-3:14b-instruct-2512-q4_K_M,1,1,1,1.0
case-2356b1c6550fda79,gemma4:12b,1,1,1,1.0
case-2356b1c6550fda79,llama3.1:8b-instruct-q8_0,1,1,1,1.0
case-2356b1c6550fda79,ministral-3:14b-instruct-2512-q4_K_M,1,1,1,1.0
case-23bf6bb2a780b76b,gemma4:12b,3,2,3,0.6666666666666666
case-23bf6bb2a780b76b,llama3.1:8b-instruct-q8_0,3,1,3,0.3333333333333333
case-23bf6bb2a780b76b,ministral-3:14b-instruct-2512-q4_K_M,3,2,3,0.6666666666666666
case-23fa70b0ed7c2301,gemma4:12b,2,1,2,0.5
case-23fa70b0ed7c2301,llama3.1:8b-instruct-q8_0,2,1,2,0.5
case-23fa70b0ed7c2301,ministral-3:14b-instruct-2512-q4_K_M,2,2,2,1.0
case-24d698b45628a677,gemma4:12b,3,1,3,0.3333333333333333
case-24d698b45628a677,llama3.1:8b-instruct-q8_0,3,1,3,0.3333333333333333
case-24d698b45628a677,ministral-3:14b-instruct-2512-q4_K_M,3,1,3,0.3333333333333333
case-2564828ccbf3de99,gemma4:12b,1,1,1,1.0
case-2564828ccbf3de99,llama3.1:8b-instruct-q8_0,1,1,1,1.0
case-2564828ccbf3de99,ministral-3:14b-instruct-2512-q4_K_M,1,1,1,1.0
case-260981628aae3e9a,gemma4:12b,2,2,2,1.0
case-260981628aae3e9a,llama3.1:8b-instruct-q8_0,2,2,2,1.0
case-260981628aae3e9a,ministral-3:14b-instruct-2512-q4_K_M,2,2,2,1.0
case-2710e3bfdf0b6ddc,gemma4:12b,1,1,1,1.0
case-2710e3bfdf0b6ddc,llama3.1:8b-instruct-q8_0,1,1,1,1.0
case-2710e3bfdf0b6ddc,ministral-3:14b-instruct-2512-q4_K_M,1,1,1,1.0
case-2710eb84113dc9f6,gemma4:12b,1,1,1,1.0
case-2710eb84113dc9f6,llama3.1:8b-instruct-q8_0,1,1,1,1.0
case-2710eb84113dc9f6,ministral-3:14b-instruct-2512-q4_K_M,1,1,1,1.0
case-28797a81b6bbfaea,gemma4:12b,1,1,1,1.0
case-28797a81b6bbfaea,llama3.1:8b-instruct-q8_0,1,1,1,1.0
case-28797a81b6bbfaea,ministral-3:14b-instruct-2512-q4_K_M,1,1,1,1.0
case-28e71c22a43c272a,gemma4:12b,1,1,1,1.0
case-28e71c22a43c272a,llama3.1:8b-instruct-q8_0,1,1,1,1.0
case-28e71c22a43c272a,ministral-3:14b-instruct-2512-q4_K_M,1,1,1,1.0
case-28fef30ead570d0c,gemma4:12b,2,2,2,1.0
case-28fef30ead570d0c,llama3.1:8b-instruct-q8_0,2,1,2,0.5
case-28fef30ead570d0c,ministral-3:14b-instruct-2512-q4_K_M,2,2,2,1.0
case-296e6b19ae62c75d,gemma4:12b,1,1,1,1.0
case-296e6b19ae62c75d,llama3.1:8b-instruct-q8_0,1,1,1,1.0
case-296e6b19ae62c75d,ministral-3:14b-instruct-2512-q4_K_M,1,1,1,1.0
case-2a15768d334f9a8b,gemma4:12b,1,1,1,1.0
case-2a15768d334f9a8b,llama3.1:8b-instruct-q8_0,1,1,1,1.0
case-2a15768d334f9a8b,ministral-3:14b-instruct-2512-q4_K_M,1,1,1,1.0
case-2a2ec5d056dc89c6,gemma4:12b,1,1,1,1.0
case-2a2ec5d056dc89c6,llama3.1:8b-instruct-q8_0,1,1,1,1.0
case-2a2ec5d056dc89c6,ministral-3:14b-instruct-2512-q4_K_M,1,1,1,1.0
case-2ae8ee00828c7c73,gemma4:12b,1,1,1,1.0
case-2ae8ee00828c7c73,llama3.1:8b-instruct-q8_0,1,1,1,1.0
case-2ae8ee00828c7c73,ministral-3:14b-instruct-2512-q4_K_M,1,1,1,1.0
case-2ba3588af77654f4,gemma4:12b,2,2,2,1.0
case-2ba3588af77654f4,llama3.1:8b-instruct-q8_0,2,2,2,1.0
case-2ba3588af77654f4,ministral-3:14b-instruct-2512-q4_K_M,2,2,2,1.0
case-2d6a99b75f885593,gemma4:12b,1,1,1,1.0
case-2d6a99b75f885593,llama3.1:8b-instruct-q8_0,1,1,1,1.0
case-2d6a99b75f885593,ministral-3:14b-instruct-2512-q4_K_M,1,1,1,1.0
case-2dd12213b1f6e303,gemma4:12b,1,1,1,1.0
case-2dd12213b1f6e303,llama3.1:8b-instruct-q8_0,1,1,1,1.0
case-2dd12213b1f6e303,ministral-3:14b-instruct-2512-q4_K_M,1,1,1,1.0
case-2df1e5276ea71d45,gemma4:12b,2,2,2,1.0
case-2df1e5276ea71d45,llama3.1:8b-instruct-q8_0,2,1,2,0.5
case-2df1e5276ea71d45,ministral-3:14b-instruct-2512-q4_K_M,2,2,2,1.0
case-2eb68ee3f87c940f,gemma4:12b,1,1,1,1.0
case-2eb68ee3f87c940f,llama3.1:8b-instruct-q8_0,1,1,1,1.0
case-2eb68ee3f87c940f,ministral-3:14b-instruct-2512-q4_K_M,1,1,1,1.0
case-2f0037267d7a8d0c,gemma4:12b,1,1,1,1.0
case-2f0037267d7a8d0c,llama3.1:8b-instruct-q8_0,1,1,1,1.0
case-2f0037267d7a8d0c,ministral-3:14b-instruct-2512-q4_K_M,1,1,1,1.0
case-2fc8f6828101e5ac,gemma4:12b,1,1,1,1.0
case-2fc8f6828101e5ac,llama3.1:8b-instruct-q8_0,1,1,1,1.0
case-2fc8f6828101e5ac,ministral-3:14b-instruct-2512-q4_K_M,1,1,1,1.0
case-3088724ee56fe103,gemma4:12b,1,1,1,1.0
case-3088724ee56fe103,llama3.1:8b-instruct-q8_0,1,1,1,1.0
case-3088724ee56fe103,ministral-3:14b-instruct-2512-q4_K_M,1,1,1,1.0
case-31571869b5c23de5,gemma4:12b,1,1,1,1.0
case-31571869b5c23de5,llama3.1:8b-instruct-q8_0,1,1,1,1.0
case-31571869b5c23de5,ministral-3:14b-instruct-2512-q4_K_M,1,1,1,1.0
case-318f21cce91b1acd,gemma4:12b,1,1,1,1.0
case-318f21cce91b1acd,llama3.1:8b-instruct-q8_0,1,1,1,1.0
case-318f21cce91b1acd,ministral-3:14b-instruct-2512-q4_K_M,1,1,1,1.0
case-31f8504807639231,gemma4:12b,1,1,1,1.0
case-31f8504807639231,llama3.1:8b-instruct-q8_0,1,1,1,1.0
case-31f8504807639231,ministral-3:14b-instruct-2512-q4_K_M,1,1,1,1.0
case-3209b8c790555b79,gemma4:12b,2,2,2,1.0
case-3209b8c790555b79,llama3.1:8b-instruct-q8_0,2,2,2,1.0
case-3209b8c790555b79,ministral-3:14b-instruct-2512-q4_K_M,2,2,2,1.0
case-32861b40bfbc2330,gemma4:12b,1,1,1,1.0
case-32861b40bfbc2330,llama3.1:8b-instruct-q8_0,1,1,1,1.0
case-32861b40bfbc2330,ministral-3:14b-instruct-2512-q4_K_M,1,1,1,1.0
case-3354be494f1e6d0b,gemma4:12b,1,1,1,1.0
case-3354be494f1e6d0b,llama3.1:8b-instruct-q8_0,1,1,1,1.0
case-3354be494f1e6d0b,ministral-3:14b-instruct-2512-q4_K_M,1,1,1,1.0
case-33e8d5bb1b786bc2,gemma4:12b,1,1,1,1.0
case-33e8d5bb1b786bc2,llama3.1:8b-instruct-q8_0,1,1,1,1.0
case-33e8d5bb1b786bc2,ministral-3:14b-instruct-2512-q4_K_M,1,1,1,1.0
case-3455796b1b189701,gemma4:12b,2,2,2,1.0
case-3455796b1b189701,llama3.1:8b-instruct-q8_0,2,2,2,1.0
case-3455796b1b189701,ministral-3:14b-instruct-2512-q4_K_M,2,0,2,0.0
case-3484a89e8f2822a0,gemma4:12b,2,2,2,1.0
case-3484a89e8f2822a0,llama3.1:8b-instruct-q8_0,2,2,2,1.0
case-3484a89e8f2822a0,ministral-3:14b-instruct-2512-q4_K_M,2,0,2,0.0
case-34e705af854dd2fc,gemma4:12b,1,1,1,1.0
case-34e705af854dd2fc,llama3.1:8b-instruct-q8_0,1,1,1,1.0
case-34e705af854dd2fc,ministral-3:14b-instruct-2512-q4_K_M,1,0,1,0.0
case-34e82ce878d9baa4,gemma4:12b,1,1,1,1.0
case-34e82ce878d9baa4,llama3.1:8b-instruct-q8_0,1,1,1,1.0
case-34e82ce878d9baa4,ministral-3:14b-instruct-2512-q4_K_M,1,1,1,1.0
case-3502648ffe08495a,gemma4:12b,2,2,2,1.0
case-3502648ffe08495a,llama3.1:8b-instruct-q8_0,2,1,2,0.5
case-3502648ffe08495a,ministral-3:14b-instruct-2512-q4_K_M,2,2,2,1.0
case-35247481bc9f87aa,gemma4:12b,2,2,2,1.0
case-35247481bc9f87aa,llama3.1:8b-instruct-q8_0,2,1,2,0.5
case-35247481bc9f87aa,ministral-3:14b-instruct-2512-q4_K_M,2,1,2,0.5
case-36838ab8662342c6,gemma4:12b,2,2,2,1.0
case-36838ab8662342c6,llama3.1:8b-instruct-q8_0,2,2,2,1.0
case-36838ab8662342c6,ministral-3:14b-instruct-2512-q4_K_M,2,2,2,1.0
case-3686a781cc280214,gemma4:12b,1,1,1,1.0
case-3686a781cc280214,llama3.1:8b-instruct-q8_0,1,1,1,1.0
case-3686a781cc280214,ministral-3:14b-instruct-2512-q4_K_M,1,1,1,1.0
case-36d5163b8f4be0a1,gemma4:12b,1,1,1,1.0
case-36d5163b8f4be0a1,llama3.1:8b-instruct-q8_0,1,1,1,1.0
case-36d5163b8f4be0a1,ministral-3:14b-instruct-2512-q4_K_M,1,1,1,1.0
case-374fb47e8c78321c,gemma4:12b,1,1,1,1.0
case-374fb47e8c78321c,llama3.1:8b-instruct-q8_0,1,1,1,1.0
case-374fb47e8c78321c,ministral-3:14b-instruct-2512-q4_K_M,1,1,1,1.0
case-379b8e3aaf19ff9a,gemma4:12b,1,1,1,1.0
case-379b8e3aaf19ff9a,llama3.1:8b-instruct-q8_0,1,1,1,1.0
case-379b8e3aaf19ff9a,ministral-3:14b-instruct-2512-q4_K_M,1,1,1,1.0
case-37b04213170d8755,gemma4:12b,1,1,1,1.0
case-37b04213170d8755,llama3.1:8b-instruct-q8_0,1,1,1,1.0
case-37b04213170d8755,ministral-3:14b-instruct-2512-q4_K_M,1,1,1,1.0
case-37ca5d93803056f1,gemma4:12b,1,1,1,1.0
case-37ca5d93803056f1,llama3.1:8b-instruct-q8_0,1,1,1,1.0
case-37ca5d93803056f1,ministral-3:14b-instruct-2512-q4_K_M,1,1,1,1.0
case-38d9daf56c8a259d,gemma4:12b,2,1,2,0.5
case-38d9daf56c8a259d,llama3.1:8b-instruct-q8_0,2,1,2,0.5
case-38d9daf56c8a259d,ministral-3:14b-instruct-2512-q4_K_M,2,1,2,0.5
case-39ea475eb27ebcb7,gemma4:12b,1,1,1,1.0
case-39ea475eb27ebcb7,llama3.1:8b-instruct-q8_0,1,1,1,1.0
case-39ea475eb27ebcb7,ministral-3:14b-instruct-2512-q4_K_M,1,1,1,1.0
case-3a6c86c940652fe6,gemma4:12b,3,1,3,0.3333333333333333
case-3a6c86c940652fe6,llama3.1:8b-instruct-q8_0,3,3,3,1.0
case-3a6c86c940652fe6,ministral-3:14b-instruct-2512-q4_K_M,3,2,3,0.6666666666666666
case-3a93baa047109f3a,gemma4:12b,1,1,1,1.0
case-3a93baa047109f3a,llama3.1:8b-instruct-q8_0,1,1,1,1.0
case-3a93baa047109f3a,ministral-3:14b-instruct-2512-q4_K_M,1,1,1,1.0
case-3a97151f985d8e5c,gemma4:12b,2,2,2,1.0
case-3a97151f985d8e5c,llama3.1:8b-instruct-q8_0,2,1,2,0.5
case-3a97151f985d8e5c,ministral-3:14b-instruct-2512-q4_K_M,2,2,2,1.0
case-3b30f17e4d16804f,gemma4:12b,2,1,2,0.5
case-3b30f17e4d16804f,llama3.1:8b-instruct-q8_0,2,1,2,0.5
case-3b30f17e4d16804f,ministral-3:14b-instruct-2512-q4_K_M,2,0,2,0.0
case-3b372de1e59de7e3,gemma4:12b,1,1,1,1.0
case-3b372de1e59de7e3,llama3.1:8b-instruct-q8_0,1,1,1,1.0
case-3b372de1e59de7e3,ministral-3:14b-instruct-2512-q4_K_M,1,0,1,0.0
case-3b5f48f37a41aa0f,gemma4:12b,1,1,1,1.0
case-3b5f48f37a41aa0f,llama3.1:8b-instruct-q8_0,1,1,1,1.0
case-3b5f48f37a41aa0f,ministral-3:14b-instruct-2512-q4_K_M,1,1,1,1.0
case-3be1225fa67be46e,gemma4:12b,2,2,2,1.0
case-3be1225fa67be46e,llama3.1:8b-instruct-q8_0,2,1,2,0.5
case-3be1225fa67be46e,ministral-3:14b-instruct-2512-q4_K_M,2,2,2,1.0
case-3da3114abd5a3822,gemma4:12b,1,1,1,1.0
case-3da3114abd5a3822,llama3.1:8b-instruct-q8_0,1,1,1,1.0
case-3da3114abd5a3822,ministral-3:14b-instruct-2512-q4_K_M,1,1,1,1.0
case-3dd083e2ddff706c,gemma4:12b,1,1,1,1.0
case-3dd083e2ddff706c,llama3.1:8b-instruct-q8_0,1,1,1,1.0
case-3dd083e2ddff706c,ministral-3:14b-instruct-2512-q4_K_M,1,1,1,1.0
case-3eb40c68f1ff916e,gemma4:12b,1,1,1,1.0
case-3eb40c68f1ff916e,llama3.1:8b-instruct-q8_0,1,1,1,1.0
case-3eb40c68f1ff916e,ministral-3:14b-instruct-2512-q4_K_M,1,1,1,1.0
case-3eb88e3afacb5ff2,gemma4:12b,1,1,1,1.0
case-3eb88e3afacb5ff2,llama3.1:8b-instruct-q8_0,1,1,1,1.0
case-3eb88e3afacb5ff2,ministral-3:14b-instruct-2512-q4_K_M,1,1,1,1.0
case-3ebc3958cac62af7,gemma4:12b,2,1,2,0.5
case-3ebc3958cac62af7,llama3.1:8b-instruct-q8_0,2,2,2,1.0
case-3ebc3958cac62af7,ministral-3:14b-instruct-2512-q4_K_M,2,1,2,0.5
case-3ef519c788a9ee91,gemma4:12b,1,1,1,1.0
case-3ef519c788a9ee91,llama3.1:8b-instruct-q8_0,1,1,1,1.0
case-3ef519c788a9ee91,ministral-3:14b-instruct-2512-q4_K_M,1,1,1,1.0
case-3f55321c82664d81,gemma4:12b,1,1,1,1.0
case-3f55321c82664d81,llama3.1:8b-instruct-q8_0,1,1,1,1.0
case-3f55321c82664d81,ministral-3:14b-instruct-2512-q4_K_M,1,1,1,1.0
case-3f9333411c3cb6fe,gemma4:12b,1,1,1,1.0
case-3f9333411c3cb6fe,llama3.1:8b-instruct-q8_0,1,1,1,1.0
case-3f9333411c3cb6fe,ministral-3:14b-instruct-2512-q4_K_M,1,0,1,0.0
case-402050210c12fc18,gemma4:12b,1,1,1,1.0
case-402050210c12fc18,llama3.1:8b-instruct-q8_0,1,1,1,1.0
case-402050210c12fc18,ministral-3:14b-instruct-2512-q4_K_M,1,1,1,1.0
case-4054549a8e5a8ae7,gemma4:12b,1,1,1,1.0
case-4054549a8e5a8ae7,llama3.1:8b-instruct-q8_0,1,1,1,1.0
case-4054549a8e5a8ae7,ministral-3:14b-instruct-2512-q4_K_M,1,1,1,1.0
case-4056d280137a90ec,gemma4:12b,1,1,1,1.0
case-4056d280137a90ec,llama3.1:8b-instruct-q8_0,1,1,1,1.0
case-4056d280137a90ec,ministral-3:14b-instruct-2512-q4_K_M,1,0,1,0.0
case-406ef596570d5195,gemma4:12b,1,1,1,1.0
case-406ef596570d5195,llama3.1:8b-instruct-q8_0,1,1,1,1.0
case-406ef596570d5195,ministral-3:14b-instruct-2512-q4_K_M,1,1,1,1.0
case-407c89e927b9e857,gemma4:12b,2,1,2,0.5
case-407c89e927b9e857,llama3.1:8b-instruct-q8_0,2,1,2,0.5
case-407c89e927b9e857,ministral-3:14b-instruct-2512-q4_K_M,2,1,2,0.5
case-408f75421d71ce1c,gemma4:12b,1,1,1,1.0
case-408f75421d71ce1c,llama3.1:8b-instruct-q8_0,1,1,1,1.0
case-408f75421d71ce1c,ministral-3:14b-instruct-2512-q4_K_M,1,1,1,1.0
case-40df21feb859c3da,gemma4:12b,2,1,2,0.5
case-40df21feb859c3da,llama3.1:8b-instruct-q8_0,2,1,2,0.5
case-40df21feb859c3da,ministral-3:14b-instruct-2512-q4_K_M,2,0,2,0.0
case-40e632bed4b2d24c,gemma4:12b,1,1,1,1.0
case-40e632bed4b2d24c,llama3.1:8b-instruct-q8_0,1,1,1,1.0
case-40e632bed4b2d24c,ministral-3:14b-instruct-2512-q4_K_M,1,1,1,1.0
case-4111a07241e7e7be,gemma4:12b,4,2,4,0.5
case-4111a07241e7e7be,llama3.1:8b-instruct-q8_0,4,1,4,0.25
case-4111a07241e7e7be,ministral-3:14b-instruct-2512-q4_K_M,4,2,4,0.5
case-41819020e1bc7aac,gemma4:12b,1,1,1,1.0
case-41819020e1bc7aac,llama3.1:8b-instruct-q8_0,1,1,1,1.0
case-41819020e1bc7aac,ministral-3:14b-instruct-2512-q4_K_M,1,1,1,1.0
case-41b19503ef1947ed,gemma4:12b,2,2,2,1.0
case-41b19503ef1947ed,llama3.1:8b-instruct-q8_0,2,2,2,1.0
case-41b19503ef1947ed,ministral-3:14b-instruct-2512-q4_K_M,2,2,2,1.0
case-41f2e56595efb1ca,gemma4:12b,1,1,1,1.0
case-41f2e56595efb1ca,llama3.1:8b-instruct-q8_0,1,1,1,1.0
case-41f2e56595efb1ca,ministral-3:14b-instruct-2512-q4_K_M,1,1,1,1.0
case-4373ff3cda4972d6,gemma4:12b,1,1,1,1.0
case-4373ff3cda4972d6,llama3.1:8b-instruct-q8_0,1,1,1,1.0
case-4373ff3cda4972d6,ministral-3:14b-instruct-2512-q4_K_M,1,1,1,1.0
case-43d5994b75034e8e,gemma4:12b,1,1,1,1.0
case-43d5994b75034e8e,llama3.1:8b-instruct-q8_0,1,1,1,1.0
case-43d5994b75034e8e,ministral-3:14b-instruct-2512-q4_K_M,1,1,1,1.0
case-4513c5a5229f3cc8,gemma4:12b,2,2,2,1.0
case-4513c5a5229f3cc8,llama3.1:8b-instruct-q8_0,2,2,2,1.0
case-4513c5a5229f3cc8,ministral-3:14b-instruct-2512-q4_K_M,2,0,2,0.0
case-45adf9f5cc53f44e,gemma4:12b,1,1,1,1.0
case-45adf9f5cc53f44e,llama3.1:8b-instruct-q8_0,1,1,1,1.0
case-45adf9f5cc53f44e,ministral-3:14b-instruct-2512-q4_K_M,1,1,1,1.0
case-45c30cf3d7826943,gemma4:12b,2,2,2,1.0
case-45c30cf3d7826943,llama3.1:8b-instruct-q8_0,2,2,2,1.0
case-45c30cf3d7826943,ministral-3:14b-instruct-2512-q4_K_M,2,2,2,1.0
case-45d14d02101f56a5,gemma4:12b,1,1,1,1.0
case-45d14d02101f56a5,llama3.1:8b-instruct-q8_0,1,1,1,1.0
case-45d14d02101f56a5,ministral-3:14b-instruct-2512-q4_K_M,1,1,1,1.0
case-45d1d1499e342031,gemma4:12b,1,1,1,1.0
case-45d1d1499e342031,llama3.1:8b-instruct-q8_0,1,1,1,1.0
case-45d1d1499e342031,ministral-3:14b-instruct-2512-q4_K_M,1,1,1,1.0
case-463e926e9e99d9ba,gemma4:12b,1,1,1,1.0
case-463e926e9e99d9ba,llama3.1:8b-instruct-q8_0,1,1,1,1.0
case-463e926e9e99d9ba,ministral-3:14b-instruct-2512-q4_K_M,1,1,1,1.0
case-47719727bb968f28,gemma4:12b,1,1,1,1.0
case-47719727bb968f28,llama3.1:8b-instruct-q8_0,1,1,1,1.0
case-47719727bb968f28,ministral-3:14b-instruct-2512-q4_K_M,1,1,1,1.0
case-47ae7d461877e5d1,gemma4:12b,1,1,1,1.0
case-47ae7d461877e5d1,llama3.1:8b-instruct-q8_0,1,1,1,1.0
case-47ae7d461877e5d1,ministral-3:14b-instruct-2512-q4_K_M,1,1,1,1.0
case-47e3067a52cd77f0,gemma4:12b,1,1,1,1.0
case-47e3067a52cd77f0,llama3.1:8b-instruct-q8_0,1,1,1,1.0
case-47e3067a52cd77f0,ministral-3:14b-instruct-2512-q4_K_M,1,1,1,1.0
case-4929665071549e77,gemma4:12b,2,2,2,1.0
case-4929665071549e77,llama3.1:8b-instruct-q8_0,2,1,2,0.5
case-4929665071549e77,ministral-3:14b-instruct-2512-q4_K_M,2,2,2,1.0
case-49c3431c201d0c0e,gemma4:12b,2,1,2,0.5
case-49c3431c201d0c0e,llama3.1:8b-instruct-q8_0,2,2,2,1.0
case-49c3431c201d0c0e,ministral-3:14b-instruct-2512-q4_K_M,2,2,2,1.0
case-4ae57684976e97ea,gemma4:12b,2,2,2,1.0
case-4ae57684976e97ea,llama3.1:8b-instruct-q8_0,2,1,2,0.5
case-4ae57684976e97ea,ministral-3:14b-instruct-2512-q4_K_M,2,2,2,1.0
case-4c090da742856d5a,gemma4:12b,1,1,1,1.0
case-4c090da742856d5a,llama3.1:8b-instruct-q8_0,1,1,1,1.0
case-4c090da742856d5a,ministral-3:14b-instruct-2512-q4_K_M,1,1,1,1.0
case-4c270f35981150c9,gemma4:12b,2,1,2,0.5
case-4c270f35981150c9,llama3.1:8b-instruct-q8_0,2,1,2,0.5
case-4c270f35981150c9,ministral-3:14b-instruct-2512-q4_K_M,2,1,2,0.5
case-4c35f80695feddcd,gemma4:12b,1,1,1,1.0
case-4c35f80695feddcd,llama3.1:8b-instruct-q8_0,1,1,1,1.0
case-4c35f80695feddcd,ministral-3:14b-instruct-2512-q4_K_M,1,1,1,1.0
case-4c488fe86729034c,gemma4:12b,2,1,2,0.5
case-4c488fe86729034c,llama3.1:8b-instruct-q8_0,2,2,2,1.0
case-4c488fe86729034c,ministral-3:14b-instruct-2512-q4_K_M,2,1,2,0.5
case-4cb5d5d0a926a357,gemma4:12b,1,1,1,1.0
case-4cb5d5d0a926a357,llama3.1:8b-instruct-q8_0,1,1,1,1.0
case-4cb5d5d0a926a357,ministral-3:14b-instruct-2512-q4_K_M,1,1,1,1.0
case-4ce828649973c8ad,gemma4:12b,1,1,1,1.0
case-4ce828649973c8ad,llama3.1:8b-instruct-q8_0,1,1,1,1.0
case-4ce828649973c8ad,ministral-3:14b-instruct-2512-q4_K_M,1,1,1,1.0
case-4cedb91c2c64159c,gemma4:12b,1,1,1,1.0
case-4cedb91c2c64159c,llama3.1:8b-instruct-q8_0,1,1,1,1.0
case-4cedb91c2c64159c,ministral-3:14b-instruct-2512-q4_K_M,1,1,1,1.0
case-4cf096f55643d9c2,gemma4:12b,1,1,1,1.0
case-4cf096f55643d9c2,llama3.1:8b-instruct-q8_0,1,1,1,1.0
case-4cf096f55643d9c2,ministral-3:14b-instruct-2512-q4_K_M,1,1,1,1.0
case-4de720b0de26abf5,gemma4:12b,1,1,1,1.0
case-4de720b0de26abf5,llama3.1:8b-instruct-q8_0,1,1,1,1.0
case-4de720b0de26abf5,ministral-3:14b-instruct-2512-q4_K_M,1,1,1,1.0
case-4e70ab460f6ed638,gemma4:12b,1,1,1,1.0
case-4e70ab460f6ed638,llama3.1:8b-instruct-q8_0,1,1,1,1.0
case-4e70ab460f6ed638,ministral-3:14b-instruct-2512-q4_K_M,1,1,1,1.0
case-4f314be34e5112c2,gemma4:12b,1,1,1,1.0
case-4f314be34e5112c2,llama3.1:8b-instruct-q8_0,1,1,1,1.0
case-4f314be34e5112c2,ministral-3:14b-instruct-2512-q4_K_M,1,1,1,1.0
case-4f6d832d666d2d76,gemma4:12b,2,2,2,1.0
case-4f6d832d666d2d76,llama3.1:8b-instruct-q8_0,2,2,2,1.0
case-4f6d832d666d2d76,ministral-3:14b-instruct-2512-q4_K_M,2,2,2,1.0
case-5188b28e55707a58,gemma4:12b,1,1,1,1.0
case-5188b28e55707a58,llama3.1:8b-instruct-q8_0,1,1,1,1.0
case-5188b28e55707a58,ministral-3:14b-instruct-2512-q4_K_M,1,1,1,1.0
case-51dbfaffec08d7c1,gemma4:12b,2,2,2,1.0
case-51dbfaffec08d7c1,llama3.1:8b-instruct-q8_0,2,2,2,1.0
case-51dbfaffec08d7c1,ministral-3:14b-instruct-2512-q4_K_M,2,2,2,1.0
case-5280268c99e36001,gemma4:12b,1,1,1,1.0
case-5280268c99e36001,llama3.1:8b-instruct-q8_0,1,1,1,1.0
case-5280268c99e36001,ministral-3:14b-instruct-2512-q4_K_M,1,1,1,1.0
case-529f2069bca1b92e,gemma4:12b,1,1,1,1.0
case-529f2069bca1b92e,llama3.1:8b-instruct-q8_0,1,1,1,1.0
case-529f2069bca1b92e,ministral-3:14b-instruct-2512-q4_K_M,1,1,1,1.0
case-52e356f818525820,gemma4:12b,2,2,2,1.0
case-52e356f818525820,llama3.1:8b-instruct-q8_0,2,1,2,0.5
case-52e356f818525820,ministral-3:14b-instruct-2512-q4_K_M,2,2,2,1.0
case-53c18e0746a780f4,gemma4:12b,1,1,1,1.0
case-53c18e0746a780f4,llama3.1:8b-instruct-q8_0,1,1,1,1.0
case-53c18e0746a780f4,ministral-3:14b-instruct-2512-q4_K_M,1,1,1,1.0
case-55694d0db4179865,gemma4:12b,1,1,1,1.0
case-55694d0db4179865,llama3.1:8b-instruct-q8_0,1,1,1,1.0
case-55694d0db4179865,ministral-3:14b-instruct-2512-q4_K_M,1,1,1,1.0
case-557f3094ebe4d2c8,gemma4:12b,2,2,2,1.0
case-557f3094ebe4d2c8,llama3.1:8b-instruct-q8_0,2,2,2,1.0
case-557f3094ebe4d2c8,ministral-3:14b-instruct-2512-q4_K_M,2,2,2,1.0
case-55a4829025e5f139,gemma4:12b,2,1,2,0.5
case-55a4829025e5f139,llama3.1:8b-instruct-q8_0,2,1,2,0.5
case-55a4829025e5f139,ministral-3:14b-instruct-2512-q4_K_M,2,1,2,0.5
case-564c35fc5525c6d7,gemma4:12b,1,1,1,1.0
case-564c35fc5525c6d7,llama3.1:8b-instruct-q8_0,1,1,1,1.0
case-564c35fc5525c6d7,ministral-3:14b-instruct-2512-q4_K_M,1,1,1,1.0
case-56578ed72836be66,gemma4:12b,1,1,1,1.0
case-56578ed72836be66,llama3.1:8b-instruct-q8_0,1,1,1,1.0
case-56578ed72836be66,ministral-3:14b-instruct-2512-q4_K_M,1,1,1,1.0
case-56c5f650b7e0f81e,gemma4:12b,2,2,2,1.0
case-56c5f650b7e0f81e,llama3.1:8b-instruct-q8_0,2,1,2,0.5
case-56c5f650b7e0f81e,ministral-3:14b-instruct-2512-q4_K_M,2,2,2,1.0
case-56ddc70400ea430f,gemma4:12b,1,1,1,1.0
case-56ddc70400ea430f,llama3.1:8b-instruct-q8_0,1,1,1,1.0
case-56ddc70400ea430f,ministral-3:14b-instruct-2512-q4_K_M,1,1,1,1.0
case-575b4ffda66f631c,gemma4:12b,1,1,1,1.0
case-575b4ffda66f631c,llama3.1:8b-instruct-q8_0,1,1,1,1.0
case-575b4ffda66f631c,ministral-3:14b-instruct-2512-q4_K_M,1,1,1,1.0
case-589fe5f6da25a6f1,gemma4:12b,1,1,1,1.0
case-589fe5f6da25a6f1,llama3.1:8b-instruct-q8_0,1,1,1,1.0
case-589fe5f6da25a6f1,ministral-3:14b-instruct-2512-q4_K_M,1,1,1,1.0
case-58adae9c7dbaccb1,gemma4:12b,2,1,2,0.5
case-58adae9c7dbaccb1,llama3.1:8b-instruct-q8_0,2,1,2,0.5
case-58adae9c7dbaccb1,ministral-3:14b-instruct-2512-q4_K_M,2,1,2,0.5
case-5996ce889a668fed,gemma4:12b,1,1,1,1.0
case-5996ce889a668fed,llama3.1:8b-instruct-q8_0,1,1,1,1.0
case-5996ce889a668fed,ministral-3:14b-instruct-2512-q4_K_M,1,1,1,1.0
case-5a26eb6b60aa2842,gemma4:12b,1,1,1,1.0
case-5a26eb6b60aa2842,llama3.1:8b-instruct-q8_0,1,1,1,1.0
case-5a26eb6b60aa2842,ministral-3:14b-instruct-2512-q4_K_M,1,1,1,1.0
case-5d119a8c03e09bc6,gemma4:12b,2,2,2,1.0
case-5d119a8c03e09bc6,llama3.1:8b-instruct-q8_0,2,2,2,1.0
case-5d119a8c03e09bc6,ministral-3:14b-instruct-2512-q4_K_M,2,2,2,1.0
case-5d45076ad4db3f96,gemma4:12b,1,1,1,1.0
case-5d45076ad4db3f96,llama3.1:8b-instruct-q8_0,1,1,1,1.0
case-5d45076ad4db3f96,ministral-3:14b-instruct-2512-q4_K_M,1,1,1,1.0
case-5d62b571a35bd590,gemma4:12b,1,1,1,1.0
case-5d62b571a35bd590,llama3.1:8b-instruct-q8_0,1,1,1,1.0
case-5d62b571a35bd590,ministral-3:14b-instruct-2512-q4_K_M,1,1,1,1.0
case-5d8a410f4834e34d,gemma4:12b,2,2,2,1.0
case-5d8a410f4834e34d,llama3.1:8b-instruct-q8_0,2,1,2,0.5
case-5d8a410f4834e34d,ministral-3:14b-instruct-2512-q4_K_M,2,2,2,1.0
case-5d8b3869ab217327,gemma4:12b,1,1,1,1.0
case-5d8b3869ab217327,llama3.1:8b-instruct-q8_0,1,0,1,0.0
case-5d8b3869ab217327,ministral-3:14b-instruct-2512-q4_K_M,1,0,1,0.0
case-5df42966f2ed5332,gemma4:12b,1,1,1,1.0
case-5df42966f2ed5332,llama3.1:8b-instruct-q8_0,1,1,1,1.0
case-5df42966f2ed5332,ministral-3:14b-instruct-2512-q4_K_M,1,1,1,1.0
case-5e15f67213c04556,gemma4:12b,1,1,1,1.0
case-5e15f67213c04556,llama3.1:8b-instruct-q8_0,1,1,1,1.0
case-5e15f67213c04556,ministral-3:14b-instruct-2512-q4_K_M,1,1,1,1.0
case-5ec3d961036cff40,gemma4:12b,2,2,2,1.0
case-5ec3d961036cff40,llama3.1:8b-instruct-q8_0,2,1,2,0.5
case-5ec3d961036cff40,ministral-3:14b-instruct-2512-q4_K_M,2,2,2,1.0
case-5f37164cb86235fd,gemma4:12b,1,1,1,1.0
case-5f37164cb86235fd,llama3.1:8b-instruct-q8_0,1,1,1,1.0
case-5f37164cb86235fd,ministral-3:14b-instruct-2512-q4_K_M,1,1,1,1.0
case-5f664d1ed4ceb29f,gemma4:12b,2,2,2,1.0
case-5f664d1ed4ceb29f,llama3.1:8b-instruct-q8_0,2,2,2,1.0
case-5f664d1ed4ceb29f,ministral-3:14b-instruct-2512-q4_K_M,2,2,2,1.0
case-611766b23fdef85d,gemma4:12b,1,1,1,1.0
case-611766b23fdef85d,llama3.1:8b-instruct-q8_0,1,1,1,1.0
case-611766b23fdef85d,ministral-3:14b-instruct-2512-q4_K_M,1,1,1,1.0
case-6123e23719821419,gemma4:12b,2,2,2,1.0
case-6123e23719821419,llama3.1:8b-instruct-q8_0,2,2,2,1.0
case-6123e23719821419,ministral-3:14b-instruct-2512-q4_K_M,2,2,2,1.0
case-6175885652bb2bd7,gemma4:12b,1,0,1,0.0
case-6175885652bb2bd7,llama3.1:8b-instruct-q8_0,1,1,1,1.0
case-6175885652bb2bd7,ministral-3:14b-instruct-2512-q4_K_M,1,1,1,1.0
case-6366141a50eed6ba,gemma4:12b,1,1,1,1.0
case-6366141a50eed6ba,llama3.1:8b-instruct-q8_0,1,1,1,1.0
case-6366141a50eed6ba,ministral-3:14b-instruct-2512-q4_K_M,1,0,1,0.0
case-63a58beb6ea115c5,gemma4:12b,1,1,1,1.0
case-63a58beb6ea115c5,llama3.1:8b-instruct-q8_0,1,1,1,1.0
case-63a58beb6ea115c5,ministral-3:14b-instruct-2512-q4_K_M,1,1,1,1.0
case-63d2228aab2a95e9,gemma4:12b,1,1,1,1.0
case-63d2228aab2a95e9,llama3.1:8b-instruct-q8_0,1,1,1,1.0
case-63d2228aab2a95e9,ministral-3:14b-instruct-2512-q4_K_M,1,1,1,1.0
case-63f8152e9d0ac115,gemma4:12b,2,1,2,0.5
case-63f8152e9d0ac115,llama3.1:8b-instruct-q8_0,2,1,2,0.5
case-63f8152e9d0ac115,ministral-3:14b-instruct-2512-q4_K_M,2,2,2,1.0
case-6466eacaaeea6768,gemma4:12b,1,1,1,1.0
case-6466eacaaeea6768,llama3.1:8b-instruct-q8_0,1,1,1,1.0
case-6466eacaaeea6768,ministral-3:14b-instruct-2512-q4_K_M,1,1,1,1.0
case-6623a3f06836eee0,gemma4:12b,2,2,2,1.0
case-6623a3f06836eee0,llama3.1:8b-instruct-q8_0,2,1,2,0.5
case-6623a3f06836eee0,ministral-3:14b-instruct-2512-q4_K_M,2,2,2,1.0
case-664b08b67fb50a5b,gemma4:12b,1,1,1,1.0
case-664b08b67fb50a5b,llama3.1:8b-instruct-q8_0,1,1,1,1.0
case-664b08b67fb50a5b,ministral-3:14b-instruct-2512-q4_K_M,1,1,1,1.0
case-67b54f84ee89f18f,gemma4:12b,3,1,3,0.3333333333333333
case-67b54f84ee89f18f,llama3.1:8b-instruct-q8_0,3,1,3,0.3333333333333333
case-67b54f84ee89f18f,ministral-3:14b-instruct-2512-q4_K_M,3,2,3,0.6666666666666666
case-681f473ec49877ad,gemma4:12b,1,1,1,1.0
case-681f473ec49877ad,llama3.1:8b-instruct-q8_0,1,1,1,1.0
case-681f473ec49877ad,ministral-3:14b-instruct-2512-q4_K_M,1,1,1,1.0
case-685c3cbd961f473e,gemma4:12b,1,1,1,1.0
case-685c3cbd961f473e,llama3.1:8b-instruct-q8_0,1,1,1,1.0
case-685c3cbd961f473e,ministral-3:14b-instruct-2512-q4_K_M,1,1,1,1.0
case-698e3d5b9b81d0c0,gemma4:12b,2,2,2,1.0
case-698e3d5b9b81d0c0,llama3.1:8b-instruct-q8_0,2,2,2,1.0
case-698e3d5b9b81d0c0,ministral-3:14b-instruct-2512-q4_K_M,2,2,2,1.0
case-69bfed4abebbc311,gemma4:12b,1,1,1,1.0
case-69bfed4abebbc311,llama3.1:8b-instruct-q8_0,1,1,1,1.0
case-69bfed4abebbc311,ministral-3:14b-instruct-2512-q4_K_M,1,1,1,1.0
case-69c8d2739999d79e,gemma4:12b,2,2,2,1.0
case-69c8d2739999d79e,llama3.1:8b-instruct-q8_0,2,2,2,1.0
case-69c8d2739999d79e,ministral-3:14b-instruct-2512-q4_K_M,2,2,2,1.0
case-69f8aed48fa1dca1,gemma4:12b,2,1,2,0.5
case-69f8aed48fa1dca1,llama3.1:8b-instruct-q8_0,2,1,2,0.5
case-69f8aed48fa1dca1,ministral-3:14b-instruct-2512-q4_K_M,2,2,2,1.0
case-6b392a3cf15018ae,gemma4:12b,2,2,2,1.0
case-6b392a3cf15018ae,llama3.1:8b-instruct-q8_0,2,1,2,0.5
case-6b392a3cf15018ae,ministral-3:14b-instruct-2512-q4_K_M,2,1,2,0.5
case-6c744bf50cc7c913,gemma4:12b,3,3,3,1.0
case-6c744bf50cc7c913,llama3.1:8b-instruct-q8_0,3,1,3,0.3333333333333333
case-6c744bf50cc7c913,ministral-3:14b-instruct-2512-q4_K_M,3,2,3,0.6666666666666666
case-6cb5892c6dc29d30,gemma4:12b,1,1,1,1.0
case-6cb5892c6dc29d30,llama3.1:8b-instruct-q8_0,1,1,1,1.0
case-6cb5892c6dc29d30,ministral-3:14b-instruct-2512-q4_K_M,1,0,1,0.0
case-6d1d81849f570950,gemma4:12b,1,1,1,1.0
case-6d1d81849f570950,llama3.1:8b-instruct-q8_0,1,1,1,1.0
case-6d1d81849f570950,ministral-3:14b-instruct-2512-q4_K_M,1,1,1,1.0
case-6daac68e5ec1237c,gemma4:12b,1,1,1,1.0
case-6daac68e5ec1237c,llama3.1:8b-instruct-q8_0,1,1,1,1.0
case-6daac68e5ec1237c,ministral-3:14b-instruct-2512-q4_K_M,1,1,1,1.0
case-6db25a2bd7a8df2c,gemma4:12b,2,2,2,1.0
case-6db25a2bd7a8df2c,llama3.1:8b-instruct-q8_0,2,2,2,1.0
case-6db25a2bd7a8df2c,ministral-3:14b-instruct-2512-q4_K_M,2,1,2,0.5
case-6e3ec1644d06a819,gemma4:12b,2,1,2,0.5
case-6e3ec1644d06a819,llama3.1:8b-instruct-q8_0,2,2,2,1.0
case-6e3ec1644d06a819,ministral-3:14b-instruct-2512-q4_K_M,2,2,2,1.0
case-6f8f43f373b5f3c3,gemma4:12b,2,2,2,1.0
case-6f8f43f373b5f3c3,llama3.1:8b-instruct-q8_0,2,1,2,0.5
case-6f8f43f373b5f3c3,ministral-3:14b-instruct-2512-q4_K_M,2,2,2,1.0
case-70b3714d210b5847,gemma4:12b,1,1,1,1.0
case-70b3714d210b5847,llama3.1:8b-instruct-q8_0,1,1,1,1.0
case-70b3714d210b5847,ministral-3:14b-instruct-2512-q4_K_M,1,1,1,1.0
case-72df7fd0c046a914,gemma4:12b,1,1,1,1.0
case-72df7fd0c046a914,llama3.1:8b-instruct-q8_0,1,1,1,1.0
case-72df7fd0c046a914,ministral-3:14b-instruct-2512-q4_K_M,1,1,1,1.0
case-74660e9ba52c9cfa,gemma4:12b,1,1,1,1.0
case-74660e9ba52c9cfa,llama3.1:8b-instruct-q8_0,1,1,1,1.0
case-74660e9ba52c9cfa,ministral-3:14b-instruct-2512-q4_K_M,1,1,1,1.0
case-7527c3e7cecc59ca,gemma4:12b,2,2,2,1.0
case-7527c3e7cecc59ca,llama3.1:8b-instruct-q8_0,2,2,2,1.0
case-7527c3e7cecc59ca,ministral-3:14b-instruct-2512-q4_K_M,2,2,2,1.0
case-7669e4ccfa55bdb9,gemma4:12b,1,1,1,1.0
case-7669e4ccfa55bdb9,llama3.1:8b-instruct-q8_0,1,1,1,1.0
case-7669e4ccfa55bdb9,ministral-3:14b-instruct-2512-q4_K_M,1,1,1,1.0
case-76bbf48e671bfd5a,gemma4:12b,1,1,1,1.0
case-76bbf48e671bfd5a,llama3.1:8b-instruct-q8_0,1,1,1,1.0
case-76bbf48e671bfd5a,ministral-3:14b-instruct-2512-q4_K_M,1,1,1,1.0
case-7704b746a54d342c,gemma4:12b,2,2,2,1.0
case-7704b746a54d342c,llama3.1:8b-instruct-q8_0,2,2,2,1.0
case-7704b746a54d342c,ministral-3:14b-instruct-2512-q4_K_M,2,2,2,1.0
case-7755b461f4759928,gemma4:12b,2,2,2,1.0
case-7755b461f4759928,llama3.1:8b-instruct-q8_0,2,2,2,1.0
case-7755b461f4759928,ministral-3:14b-instruct-2512-q4_K_M,2,2,2,1.0
case-7758548fafb7a3ac,gemma4:12b,1,1,1,1.0
case-7758548fafb7a3ac,llama3.1:8b-instruct-q8_0,1,1,1,1.0
case-7758548fafb7a3ac,ministral-3:14b-instruct-2512-q4_K_M,1,1,1,1.0
case-776fde673d514594,gemma4:12b,1,1,1,1.0
case-776fde673d514594,llama3.1:8b-instruct-q8_0,1,1,1,1.0
case-776fde673d514594,ministral-3:14b-instruct-2512-q4_K_M,1,1,1,1.0
case-777b98785771f79b,gemma4:12b,1,1,1,1.0
case-777b98785771f79b,llama3.1:8b-instruct-q8_0,1,1,1,1.0
case-777b98785771f79b,ministral-3:14b-instruct-2512-q4_K_M,1,1,1,1.0
case-77e07216bda53885,gemma4:12b,2,2,2,1.0
case-77e07216bda53885,llama3.1:8b-instruct-q8_0,2,2,2,1.0
case-77e07216bda53885,ministral-3:14b-instruct-2512-q4_K_M,2,1,2,0.5
case-782b622a9483969d,gemma4:12b,1,1,1,1.0
case-782b622a9483969d,llama3.1:8b-instruct-q8_0,1,1,1,1.0
case-782b622a9483969d,ministral-3:14b-instruct-2512-q4_K_M,1,1,1,1.0
case-78c921b2b4a5e544,gemma4:12b,1,1,1,1.0
case-78c921b2b4a5e544,llama3.1:8b-instruct-q8_0,1,1,1,1.0
case-78c921b2b4a5e544,ministral-3:14b-instruct-2512-q4_K_M,1,1,1,1.0
case-7b9f74967bc56eb8,gemma4:12b,1,1,1,1.0
case-7b9f74967bc56eb8,llama3.1:8b-instruct-q8_0,1,1,1,1.0
case-7b9f74967bc56eb8,ministral-3:14b-instruct-2512-q4_K_M,1,1,1,1.0
case-7c2882bfc9a4c5fe,gemma4:12b,2,2,2,1.0
case-7c2882bfc9a4c5fe,llama3.1:8b-instruct-q8_0,2,2,2,1.0
case-7c2882bfc9a4c5fe,ministral-3:14b-instruct-2512-q4_K_M,2,2,2,1.0
case-7c8bb7d3da3c6025,gemma4:12b,2,1,2,0.5
case-7c8bb7d3da3c6025,llama3.1:8b-instruct-q8_0,2,1,2,0.5
case-7c8bb7d3da3c6025,ministral-3:14b-instruct-2512-q4_K_M,2,1,2,0.5
case-7daea1a1372c1483,gemma4:12b,2,2,2,1.0
case-7daea1a1372c1483,llama3.1:8b-instruct-q8_0,2,2,2,1.0
case-7daea1a1372c1483,ministral-3:14b-instruct-2512-q4_K_M,2,1,2,0.5
case-7e2813816192d597,gemma4:12b,2,2,2,1.0
case-7e2813816192d597,llama3.1:8b-instruct-q8_0,2,1,2,0.5
case-7e2813816192d597,ministral-3:14b-instruct-2512-q4_K_M,2,2,2,1.0
case-7e6e05ad93942a7e,gemma4:12b,1,1,1,1.0
case-7e6e05ad93942a7e,llama3.1:8b-instruct-q8_0,1,1,1,1.0
case-7e6e05ad93942a7e,ministral-3:14b-instruct-2512-q4_K_M,1,1,1,1.0
case-7fd5dbf7a1986752,gemma4:12b,2,2,2,1.0
case-7fd5dbf7a1986752,llama3.1:8b-instruct-q8_0,2,1,2,0.5
case-7fd5dbf7a1986752,ministral-3:14b-instruct-2512-q4_K_M,2,2,2,1.0
case-7feb45a8ad29f57d,gemma4:12b,1,1,1,1.0
case-7feb45a8ad29f57d,llama3.1:8b-instruct-q8_0,1,1,1,1.0
case-7feb45a8ad29f57d,ministral-3:14b-instruct-2512-q4_K_M,1,0,1,0.0
case-80245b8e3a1f2eab,gemma4:12b,1,1,1,1.0
case-80245b8e3a1f2eab,llama3.1:8b-instruct-q8_0,1,1,1,1.0
case-80245b8e3a1f2eab,ministral-3:14b-instruct-2512-q4_K_M,1,1,1,1.0
case-80648b3e49a84db1,gemma4:12b,2,1,2,0.5
case-80648b3e49a84db1,llama3.1:8b-instruct-q8_0,2,2,2,1.0
case-80648b3e49a84db1,ministral-3:14b-instruct-2512-q4_K_M,2,0,2,0.0
case-806b396f998d24ef,gemma4:12b,1,1,1,1.0
case-806b396f998d24ef,llama3.1:8b-instruct-q8_0,1,1,1,1.0
case-806b396f998d24ef,ministral-3:14b-instruct-2512-q4_K_M,1,1,1,1.0
case-808697b5cd70de93,gemma4:12b,1,1,1,1.0
case-808697b5cd70de93,llama3.1:8b-instruct-q8_0,1,1,1,1.0
case-808697b5cd70de93,ministral-3:14b-instruct-2512-q4_K_M,1,1,1,1.0
case-82376f78fb26f2d7,gemma4:12b,1,1,1,1.0
case-82376f78fb26f2d7,llama3.1:8b-instruct-q8_0,1,1,1,1.0
case-82376f78fb26f2d7,ministral-3:14b-instruct-2512-q4_K_M,1,1,1,1.0
case-82497394371f880d,gemma4:12b,2,2,2,1.0
case-82497394371f880d,llama3.1:8b-instruct-q8_0,2,1,2,0.5
case-82497394371f880d,ministral-3:14b-instruct-2512-q4_K_M,2,2,2,1.0
case-82aa8f252f4ad221,gemma4:12b,1,1,1,1.0
case-82aa8f252f4ad221,llama3.1:8b-instruct-q8_0,1,1,1,1.0
case-82aa8f252f4ad221,ministral-3:14b-instruct-2512-q4_K_M,1,1,1,1.0
case-8349f428fc0b7638,gemma4:12b,1,1,1,1.0
case-8349f428fc0b7638,llama3.1:8b-instruct-q8_0,1,1,1,1.0
case-8349f428fc0b7638,ministral-3:14b-instruct-2512-q4_K_M,1,1,1,1.0
case-84493325ca805eea,gemma4:12b,1,1,1,1.0
case-84493325ca805eea,llama3.1:8b-instruct-q8_0,1,1,1,1.0
case-84493325ca805eea,ministral-3:14b-instruct-2512-q4_K_M,1,0,1,0.0
case-84a86e133194431f,gemma4:12b,1,1,1,1.0
case-84a86e133194431f,llama3.1:8b-instruct-q8_0,1,1,1,1.0
case-84a86e133194431f,ministral-3:14b-instruct-2512-q4_K_M,1,1,1,1.0
case-84fe6a63120fcd61,gemma4:12b,2,1,2,0.5
case-84fe6a63120fcd61,llama3.1:8b-instruct-q8_0,2,1,2,0.5
case-84fe6a63120fcd61,ministral-3:14b-instruct-2512-q4_K_M,2,2,2,1.0
case-852e5bade56d69e2,gemma4:12b,1,1,1,1.0
case-852e5bade56d69e2,llama3.1:8b-instruct-q8_0,1,1,1,1.0
case-852e5bade56d69e2,ministral-3:14b-instruct-2512-q4_K_M,1,1,1,1.0
case-85ec27f16b8d327c,gemma4:12b,1,1,1,1.0
case-85ec27f16b8d327c,llama3.1:8b-instruct-q8_0,1,1,1,1.0
case-85ec27f16b8d327c,ministral-3:14b-instruct-2512-q4_K_M,1,1,1,1.0
case-861fbfd66c1db78e,gemma4:12b,2,2,2,1.0
case-861fbfd66c1db78e,llama3.1:8b-instruct-q8_0,2,1,2,0.5
case-861fbfd66c1db78e,ministral-3:14b-instruct-2512-q4_K_M,2,2,2,1.0
case-8633eb7ac4daa293,gemma4:12b,2,2,2,1.0
case-8633eb7ac4daa293,llama3.1:8b-instruct-q8_0,2,1,2,0.5
case-8633eb7ac4daa293,ministral-3:14b-instruct-2512-q4_K_M,2,1,2,0.5
case-8669af248b389185,gemma4:12b,1,1,1,1.0
case-8669af248b389185,llama3.1:8b-instruct-q8_0,1,1,1,1.0
case-8669af248b389185,ministral-3:14b-instruct-2512-q4_K_M,1,1,1,1.0
case-87d568be3364da41,gemma4:12b,1,1,1,1.0
case-87d568be3364da41,llama3.1:8b-instruct-q8_0,1,1,1,1.0
case-87d568be3364da41,ministral-3:14b-instruct-2512-q4_K_M,1,1,1,1.0
case-88012cb7f6afca63,gemma4:12b,2,2,2,1.0
case-88012cb7f6afca63,llama3.1:8b-instruct-q8_0,2,1,2,0.5
case-88012cb7f6afca63,ministral-3:14b-instruct-2512-q4_K_M,2,2,2,1.0
case-880e065e37616656,gemma4:12b,1,1,1,1.0
case-880e065e37616656,llama3.1:8b-instruct-q8_0,1,1,1,1.0
case-880e065e37616656,ministral-3:14b-instruct-2512-q4_K_M,1,1,1,1.0
case-89d817553eb87ae7,gemma4:12b,1,1,1,1.0
case-89d817553eb87ae7,llama3.1:8b-instruct-q8_0,1,1,1,1.0
case-89d817553eb87ae7,ministral-3:14b-instruct-2512-q4_K_M,1,1,1,1.0
case-8c96e47351a66444,gemma4:12b,1,1,1,1.0
case-8c96e47351a66444,llama3.1:8b-instruct-q8_0,1,1,1,1.0
case-8c96e47351a66444,ministral-3:14b-instruct-2512-q4_K_M,1,1,1,1.0
case-8cbc521b744b945d,gemma4:12b,1,1,1,1.0
case-8cbc521b744b945d,llama3.1:8b-instruct-q8_0,1,1,1,1.0
case-8cbc521b744b945d,ministral-3:14b-instruct-2512-q4_K_M,1,1,1,1.0
case-8cc99911d3e5d8a2,gemma4:12b,2,1,2,0.5
case-8cc99911d3e5d8a2,llama3.1:8b-instruct-q8_0,2,2,2,1.0
case-8cc99911d3e5d8a2,ministral-3:14b-instruct-2512-q4_K_M,2,2,2,1.0
case-8cf14fab75f46293,gemma4:12b,1,1,1,1.0
case-8cf14fab75f46293,llama3.1:8b-instruct-q8_0,1,1,1,1.0
case-8cf14fab75f46293,ministral-3:14b-instruct-2512-q4_K_M,1,1,1,1.0
case-8d16688f1e64c3f3,gemma4:12b,1,1,1,1.0
case-8d16688f1e64c3f3,llama3.1:8b-instruct-q8_0,1,1,1,1.0
case-8d16688f1e64c3f3,ministral-3:14b-instruct-2512-q4_K_M,1,1,1,1.0
case-8d25a0449f9ea874,gemma4:12b,1,1,1,1.0
case-8d25a0449f9ea874,llama3.1:8b-instruct-q8_0,1,1,1,1.0
case-8d25a0449f9ea874,ministral-3:14b-instruct-2512-q4_K_M,1,1,1,1.0
case-8e100f904ee4043a,gemma4:12b,1,1,1,1.0
case-8e100f904ee4043a,llama3.1:8b-instruct-q8_0,1,1,1,1.0
case-8e100f904ee4043a,ministral-3:14b-instruct-2512-q4_K_M,1,1,1,1.0
case-8ed19313c52a2a9e,gemma4:12b,1,1,1,1.0
case-8ed19313c52a2a9e,llama3.1:8b-instruct-q8_0,1,1,1,1.0
case-8ed19313c52a2a9e,ministral-3:14b-instruct-2512-q4_K_M,1,1,1,1.0
case-8f0f670d2da88e40,gemma4:12b,1,1,1,1.0
case-8f0f670d2da88e40,llama3.1:8b-instruct-q8_0,1,1,1,1.0
case-8f0f670d2da88e40,ministral-3:14b-instruct-2512-q4_K_M,1,1,1,1.0
case-8f1bdacb04e88d2b,gemma4:12b,1,1,1,1.0
case-8f1bdacb04e88d2b,llama3.1:8b-instruct-q8_0,1,1,1,1.0
case-8f1bdacb04e88d2b,ministral-3:14b-instruct-2512-q4_K_M,1,1,1,1.0
case-8f5d549a83ef995c,gemma4:12b,2,2,2,1.0
case-8f5d549a83ef995c,llama3.1:8b-instruct-q8_0,2,1,2,0.5
case-8f5d549a83ef995c,ministral-3:14b-instruct-2512-q4_K_M,2,1,2,0.5
case-8f77d4226a777c56,gemma4:12b,1,1,1,1.0
case-8f77d4226a777c56,llama3.1:8b-instruct-q8_0,1,1,1,1.0
case-8f77d4226a777c56,ministral-3:14b-instruct-2512-q4_K_M,1,1,1,1.0
case-8f88c9d67bd7f1ed,gemma4:12b,2,2,2,1.0
case-8f88c9d67bd7f1ed,llama3.1:8b-instruct-q8_0,2,1,2,0.5
case-8f88c9d67bd7f1ed,ministral-3:14b-instruct-2512-q4_K_M,2,2,2,1.0
case-90840484d9b912e7,gemma4:12b,2,1,2,0.5
case-90840484d9b912e7,llama3.1:8b-instruct-q8_0,2,2,2,1.0
case-90840484d9b912e7,ministral-3:14b-instruct-2512-q4_K_M,2,2,2,1.0
case-912fa8154b795257,gemma4:12b,2,1,2,0.5
case-912fa8154b795257,llama3.1:8b-instruct-q8_0,2,2,2,1.0
case-912fa8154b795257,ministral-3:14b-instruct-2512-q4_K_M,2,2,2,1.0
case-9191aa71073cdd07,gemma4:12b,1,1,1,1.0
case-9191aa71073cdd07,llama3.1:8b-instruct-q8_0,1,1,1,1.0
case-9191aa71073cdd07,ministral-3:14b-instruct-2512-q4_K_M,1,1,1,1.0
case-923706398b762218,gemma4:12b,1,1,1,1.0
case-923706398b762218,llama3.1:8b-instruct-q8_0,1,1,1,1.0
case-923706398b762218,ministral-3:14b-instruct-2512-q4_K_M,1,1,1,1.0
case-92a2f1b7ab2b53df,gemma4:12b,1,1,1,1.0
case-92a2f1b7ab2b53df,llama3.1:8b-instruct-q8_0,1,1,1,1.0
case-92a2f1b7ab2b53df,ministral-3:14b-instruct-2512-q4_K_M,1,1,1,1.0
case-92dc09e7ba228fbd,gemma4:12b,2,2,2,1.0
case-92dc09e7ba228fbd,llama3.1:8b-instruct-q8_0,2,2,2,1.0
case-92dc09e7ba228fbd,ministral-3:14b-instruct-2512-q4_K_M,2,2,2,1.0
case-941b6898c1efe7f7,gemma4:12b,1,1,1,1.0
case-941b6898c1efe7f7,llama3.1:8b-instruct-q8_0,1,1,1,1.0
case-941b6898c1efe7f7,ministral-3:14b-instruct-2512-q4_K_M,1,1,1,1.0
case-944ba55831203885,gemma4:12b,2,2,2,1.0
case-944ba55831203885,llama3.1:8b-instruct-q8_0,2,1,2,0.5
case-944ba55831203885,ministral-3:14b-instruct-2512-q4_K_M,2,1,2,0.5
case-94fb417aa7000d83,gemma4:12b,1,1,1,1.0
case-94fb417aa7000d83,llama3.1:8b-instruct-q8_0,1,1,1,1.0
case-94fb417aa7000d83,ministral-3:14b-instruct-2512-q4_K_M,1,1,1,1.0
case-95aa186e95b8252d,gemma4:12b,1,1,1,1.0
case-95aa186e95b8252d,llama3.1:8b-instruct-q8_0,1,1,1,1.0
case-95aa186e95b8252d,ministral-3:14b-instruct-2512-q4_K_M,1,1,1,1.0
case-967d8e0d3b5b240a,gemma4:12b,1,1,1,1.0
case-967d8e0d3b5b240a,llama3.1:8b-instruct-q8_0,1,1,1,1.0
case-967d8e0d3b5b240a,ministral-3:14b-instruct-2512-q4_K_M,1,1,1,1.0
case-975811dfec4d02ae,gemma4:12b,2,2,2,1.0
case-975811dfec4d02ae,llama3.1:8b-instruct-q8_0,2,2,2,1.0
case-975811dfec4d02ae,ministral-3:14b-instruct-2512-q4_K_M,2,2,2,1.0
case-97869a7da56bd812,gemma4:12b,1,1,1,1.0
case-97869a7da56bd812,llama3.1:8b-instruct-q8_0,1,1,1,1.0
case-97869a7da56bd812,ministral-3:14b-instruct-2512-q4_K_M,1,1,1,1.0
case-97d49b42c7a1c1ea,gemma4:12b,2,2,2,1.0
case-97d49b42c7a1c1ea,llama3.1:8b-instruct-q8_0,2,1,2,0.5
case-97d49b42c7a1c1ea,ministral-3:14b-instruct-2512-q4_K_M,2,2,2,1.0
case-9a4db0d2e83d1695,gemma4:12b,1,1,1,1.0
case-9a4db0d2e83d1695,llama3.1:8b-instruct-q8_0,1,1,1,1.0
case-9a4db0d2e83d1695,ministral-3:14b-instruct-2512-q4_K_M,1,1,1,1.0
case-9b83d53ac7f4b74a,gemma4:12b,1,1,1,1.0
case-9b83d53ac7f4b74a,llama3.1:8b-instruct-q8_0,1,1,1,1.0
case-9b83d53ac7f4b74a,ministral-3:14b-instruct-2512-q4_K_M,1,1,1,1.0
case-9bcace2dfdd9cc31,gemma4:12b,1,1,1,1.0
case-9bcace2dfdd9cc31,llama3.1:8b-instruct-q8_0,1,1,1,1.0
case-9bcace2dfdd9cc31,ministral-3:14b-instruct-2512-q4_K_M,1,1,1,1.0
case-9c2513a91d9d2dc1,gemma4:12b,1,1,1,1.0
case-9c2513a91d9d2dc1,llama3.1:8b-instruct-q8_0,1,1,1,1.0
case-9c2513a91d9d2dc1,ministral-3:14b-instruct-2512-q4_K_M,1,0,1,0.0
case-9cdfb15673951b1f,gemma4:12b,2,2,2,1.0
case-9cdfb15673951b1f,llama3.1:8b-instruct-q8_0,2,2,2,1.0
case-9cdfb15673951b1f,ministral-3:14b-instruct-2512-q4_K_M,2,2,2,1.0
case-9d08ed41af49eb7a,gemma4:12b,2,2,2,1.0
case-9d08ed41af49eb7a,llama3.1:8b-instruct-q8_0,2,1,2,0.5
case-9d08ed41af49eb7a,ministral-3:14b-instruct-2512-q4_K_M,2,1,2,0.5
case-9dc802d2734a062b,gemma4:12b,1,1,1,1.0
case-9dc802d2734a062b,llama3.1:8b-instruct-q8_0,1,1,1,1.0
case-9dc802d2734a062b,ministral-3:14b-instruct-2512-q4_K_M,1,1,1,1.0
case-9df272092c667aba,gemma4:12b,1,1,1,1.0
case-9df272092c667aba,llama3.1:8b-instruct-q8_0,1,1,1,1.0
case-9df272092c667aba,ministral-3:14b-instruct-2512-q4_K_M,1,1,1,1.0
case-9e44a7b05917d5b8,gemma4:12b,1,1,1,1.0
case-9e44a7b05917d5b8,llama3.1:8b-instruct-q8_0,1,1,1,1.0
case-9e44a7b05917d5b8,ministral-3:14b-instruct-2512-q4_K_M,1,1,1,1.0
case-9e7bbf7fb677ace5,gemma4:12b,1,1,1,1.0
case-9e7bbf7fb677ace5,llama3.1:8b-instruct-q8_0,1,1,1,1.0
case-9e7bbf7fb677ace5,ministral-3:14b-instruct-2512-q4_K_M,1,1,1,1.0
case-9ecb29b7d803971f,gemma4:12b,2,2,2,1.0
case-9ecb29b7d803971f,llama3.1:8b-instruct-q8_0,2,2,2,1.0
case-9ecb29b7d803971f,ministral-3:14b-instruct-2512-q4_K_M,2,2,2,1.0
case-a047521daeb33818,gemma4:12b,1,1,1,1.0
case-a047521daeb33818,llama3.1:8b-instruct-q8_0,1,1,1,1.0
case-a047521daeb33818,ministral-3:14b-instruct-2512-q4_K_M,1,1,1,1.0
case-a0dd3c75a186f3c0,gemma4:12b,1,1,1,1.0
case-a0dd3c75a186f3c0,llama3.1:8b-instruct-q8_0,1,1,1,1.0
case-a0dd3c75a186f3c0,ministral-3:14b-instruct-2512-q4_K_M,1,1,1,1.0
case-a21eef534e5a9467,gemma4:12b,2,1,2,0.5
case-a21eef534e5a9467,llama3.1:8b-instruct-q8_0,2,1,2,0.5
case-a21eef534e5a9467,ministral-3:14b-instruct-2512-q4_K_M,2,1,2,0.5
case-a26a5d77e1031c70,gemma4:12b,1,1,1,1.0
case-a26a5d77e1031c70,llama3.1:8b-instruct-q8_0,1,1,1,1.0
case-a26a5d77e1031c70,ministral-3:14b-instruct-2512-q4_K_M,1,1,1,1.0
case-a2abde66a3c63ac6,gemma4:12b,3,2,3,0.6666666666666666
case-a2abde66a3c63ac6,llama3.1:8b-instruct-q8_0,3,1,3,0.3333333333333333
case-a2abde66a3c63ac6,ministral-3:14b-instruct-2512-q4_K_M,3,2,3,0.6666666666666666
case-a2edf3a67b3ac73b,gemma4:12b,1,1,1,1.0
case-a2edf3a67b3ac73b,llama3.1:8b-instruct-q8_0,1,1,1,1.0
case-a2edf3a67b3ac73b,ministral-3:14b-instruct-2512-q4_K_M,1,1,1,1.0
case-a348552e4709eb33,gemma4:12b,1,1,1,1.0
case-a348552e4709eb33,llama3.1:8b-instruct-q8_0,1,1,1,1.0
case-a348552e4709eb33,ministral-3:14b-instruct-2512-q4_K_M,1,1,1,1.0
case-a37e026bd1f8c53f,gemma4:12b,1,1,1,1.0
case-a37e026bd1f8c53f,llama3.1:8b-instruct-q8_0,1,1,1,1.0
case-a37e026bd1f8c53f,ministral-3:14b-instruct-2512-q4_K_M,1,1,1,1.0
case-a4b763a7b6415e99,gemma4:12b,2,2,2,1.0
case-a4b763a7b6415e99,llama3.1:8b-instruct-q8_0,2,2,2,1.0
case-a4b763a7b6415e99,ministral-3:14b-instruct-2512-q4_K_M,2,2,2,1.0
case-a4c7797664411475,gemma4:12b,1,1,1,1.0
case-a4c7797664411475,llama3.1:8b-instruct-q8_0,1,1,1,1.0
case-a4c7797664411475,ministral-3:14b-instruct-2512-q4_K_M,1,1,1,1.0
case-a4deeeec85ab4325,gemma4:12b,1,1,1,1.0
case-a4deeeec85ab4325,llama3.1:8b-instruct-q8_0,1,1,1,1.0
case-a4deeeec85ab4325,ministral-3:14b-instruct-2512-q4_K_M,1,1,1,1.0
case-a515187f2ac23d62,gemma4:12b,1,1,1,1.0
case-a515187f2ac23d62,llama3.1:8b-instruct-q8_0,1,1,1,1.0
case-a515187f2ac23d62,ministral-3:14b-instruct-2512-q4_K_M,1,1,1,1.0
case-a5208f7055d14d14,gemma4:12b,1,1,1,1.0
case-a5208f7055d14d14,llama3.1:8b-instruct-q8_0,1,1,1,1.0
case-a5208f7055d14d14,ministral-3:14b-instruct-2512-q4_K_M,1,1,1,1.0
case-a61c44697da61c1a,gemma4:12b,2,2,2,1.0
case-a61c44697da61c1a,llama3.1:8b-instruct-q8_0,2,1,2,0.5
case-a61c44697da61c1a,ministral-3:14b-instruct-2512-q4_K_M,2,0,2,0.0
case-a66e4375a19a7b26,gemma4:12b,2,2,2,1.0
case-a66e4375a19a7b26,llama3.1:8b-instruct-q8_0,2,2,2,1.0
case-a66e4375a19a7b26,ministral-3:14b-instruct-2512-q4_K_M,2,2,2,1.0
case-a6c8e1165603f25b,gemma4:12b,1,1,1,1.0
case-a6c8e1165603f25b,llama3.1:8b-instruct-q8_0,1,1,1,1.0
case-a6c8e1165603f25b,ministral-3:14b-instruct-2512-q4_K_M,1,0,1,0.0
case-a70c54680aa27909,gemma4:12b,2,2,2,1.0
case-a70c54680aa27909,llama3.1:8b-instruct-q8_0,2,2,2,1.0
case-a70c54680aa27909,ministral-3:14b-instruct-2512-q4_K_M,2,2,2,1.0
case-a723f4fb2011c771,gemma4:12b,2,1,2,0.5
case-a723f4fb2011c771,llama3.1:8b-instruct-q8_0,2,1,2,0.5
case-a723f4fb2011c771,ministral-3:14b-instruct-2512-q4_K_M,2,1,2,0.5
case-a740d42bacbb64ee,gemma4:12b,2,2,2,1.0
case-a740d42bacbb64ee,llama3.1:8b-instruct-q8_0,2,2,2,1.0
case-a740d42bacbb64ee,ministral-3:14b-instruct-2512-q4_K_M,2,2,2,1.0
case-a766a61c1d849a00,gemma4:12b,1,1,1,1.0
case-a766a61c1d849a00,llama3.1:8b-instruct-q8_0,1,1,1,1.0
case-a766a61c1d849a00,ministral-3:14b-instruct-2512-q4_K_M,1,1,1,1.0
case-a7ca4398c1c6e424,gemma4:12b,2,1,2,0.5
case-a7ca4398c1c6e424,llama3.1:8b-instruct-q8_0,2,1,2,0.5
case-a7ca4398c1c6e424,ministral-3:14b-instruct-2512-q4_K_M,2,1,2,0.5
case-a800d1f1e069b1ea,gemma4:12b,2,2,2,1.0
case-a800d1f1e069b1ea,llama3.1:8b-instruct-q8_0,2,2,2,1.0
case-a800d1f1e069b1ea,ministral-3:14b-instruct-2512-q4_K_M,2,1,2,0.5
case-a88637480d0b7898,gemma4:12b,1,1,1,1.0
case-a88637480d0b7898,llama3.1:8b-instruct-q8_0,1,1,1,1.0
case-a88637480d0b7898,ministral-3:14b-instruct-2512-q4_K_M,1,1,1,1.0
case-a8a9b3bec9d6fc20,gemma4:12b,2,2,2,1.0
case-a8a9b3bec9d6fc20,llama3.1:8b-instruct-q8_0,2,2,2,1.0
case-a8a9b3bec9d6fc20,ministral-3:14b-instruct-2512-q4_K_M,2,2,2,1.0
case-a8fc14e384644d60,gemma4:12b,2,2,2,1.0
case-a8fc14e384644d60,llama3.1:8b-instruct-q8_0,2,1,2,0.5
case-a8fc14e384644d60,ministral-3:14b-instruct-2512-q4_K_M,2,2,2,1.0
case-a92eef9fe1b7e4a0,gemma4:12b,2,2,2,1.0
case-a92eef9fe1b7e4a0,llama3.1:8b-instruct-q8_0,2,2,2,1.0
case-a92eef9fe1b7e4a0,ministral-3:14b-instruct-2512-q4_K_M,2,1,2,0.5
case-aa054ba304bb1a8d,gemma4:12b,2,1,2,0.5
case-aa054ba304bb1a8d,llama3.1:8b-instruct-q8_0,2,1,2,0.5
case-aa054ba304bb1a8d,ministral-3:14b-instruct-2512-q4_K_M,2,1,2,0.5
case-aa08bbcd3047bb5d,gemma4:12b,2,2,2,1.0
case-aa08bbcd3047bb5d,llama3.1:8b-instruct-q8_0,2,2,2,1.0
case-aa08bbcd3047bb5d,ministral-3:14b-instruct-2512-q4_K_M,2,2,2,1.0
case-aa14bfb7328fd47b,gemma4:12b,1,1,1,1.0
case-aa14bfb7328fd47b,llama3.1:8b-instruct-q8_0,1,1,1,1.0
case-aa14bfb7328fd47b,ministral-3:14b-instruct-2512-q4_K_M,1,1,1,1.0
case-aa3b8a84cd91d4cb,gemma4:12b,1,1,1,1.0
case-aa3b8a84cd91d4cb,llama3.1:8b-instruct-q8_0,1,1,1,1.0
case-aa3b8a84cd91d4cb,ministral-3:14b-instruct-2512-q4_K_M,1,1,1,1.0
case-aa908bd8bb725396,gemma4:12b,1,1,1,1.0
case-aa908bd8bb725396,llama3.1:8b-instruct-q8_0,1,1,1,1.0
case-aa908bd8bb725396,ministral-3:14b-instruct-2512-q4_K_M,1,1,1,1.0
case-aad581a28b4c003d,gemma4:12b,1,1,1,1.0
case-aad581a28b4c003d,llama3.1:8b-instruct-q8_0,1,1,1,1.0
case-aad581a28b4c003d,ministral-3:14b-instruct-2512-q4_K_M,1,1,1,1.0
case-aae4334dcf9ef204,gemma4:12b,1,1,1,1.0
case-aae4334dcf9ef204,llama3.1:8b-instruct-q8_0,1,1,1,1.0
case-aae4334dcf9ef204,ministral-3:14b-instruct-2512-q4_K_M,1,1,1,1.0
case-ab24c48466252f9a,gemma4:12b,1,1,1,1.0
case-ab24c48466252f9a,llama3.1:8b-instruct-q8_0,1,1,1,1.0
case-ab24c48466252f9a,ministral-3:14b-instruct-2512-q4_K_M,1,1,1,1.0
case-ab614925348d0956,gemma4:12b,2,1,2,0.5
case-ab614925348d0956,llama3.1:8b-instruct-q8_0,2,1,2,0.5
case-ab614925348d0956,ministral-3:14b-instruct-2512-q4_K_M,2,2,2,1.0
case-abbacc58433f8649,gemma4:12b,1,1,1,1.0
case-abbacc58433f8649,llama3.1:8b-instruct-q8_0,1,1,1,1.0
case-abbacc58433f8649,ministral-3:14b-instruct-2512-q4_K_M,1,1,1,1.0
case-ac05bb9b1d86158b,gemma4:12b,1,1,1,1.0
case-ac05bb9b1d86158b,llama3.1:8b-instruct-q8_0,1,1,1,1.0
case-ac05bb9b1d86158b,ministral-3:14b-instruct-2512-q4_K_M,1,1,1,1.0
case-ad3f2e8805582409,gemma4:12b,2,2,2,1.0
case-ad3f2e8805582409,llama3.1:8b-instruct-q8_0,2,2,2,1.0
case-ad3f2e8805582409,ministral-3:14b-instruct-2512-q4_K_M,2,2,2,1.0
case-ada89b267ec582bf,gemma4:12b,1,1,1,1.0
case-ada89b267ec582bf,llama3.1:8b-instruct-q8_0,1,1,1,1.0
case-ada89b267ec582bf,ministral-3:14b-instruct-2512-q4_K_M,1,0,1,0.0
case-ae074bb0015a3d75,gemma4:12b,1,1,1,1.0
case-ae074bb0015a3d75,llama3.1:8b-instruct-q8_0,1,1,1,1.0
case-ae074bb0015a3d75,ministral-3:14b-instruct-2512-q4_K_M,1,1,1,1.0
case-ae11ff65d1656b63,gemma4:12b,1,1,1,1.0
case-ae11ff65d1656b63,llama3.1:8b-instruct-q8_0,1,1,1,1.0
case-ae11ff65d1656b63,ministral-3:14b-instruct-2512-q4_K_M,1,1,1,1.0
case-af02867d30624d47,gemma4:12b,2,2,2,1.0
case-af02867d30624d47,llama3.1:8b-instruct-q8_0,2,2,2,1.0
case-af02867d30624d47,ministral-3:14b-instruct-2512-q4_K_M,2,2,2,1.0
case-af84513c121c7811,gemma4:12b,1,1,1,1.0
case-af84513c121c7811,llama3.1:8b-instruct-q8_0,1,1,1,1.0
case-af84513c121c7811,ministral-3:14b-instruct-2512-q4_K_M,1,1,1,1.0
case-b02f49322c9d64ff,gemma4:12b,1,1,1,1.0
case-b02f49322c9d64ff,ministral-3:14b-instruct-2512-q4_K_M,1,1,1,1.0
case-b036b4e33774d56d,gemma4:12b,1,1,1,1.0
case-b036b4e33774d56d,llama3.1:8b-instruct-q8_0,1,1,1,1.0
case-b036b4e33774d56d,ministral-3:14b-instruct-2512-q4_K_M,1,1,1,1.0
case-b037c9fc62dbf352,gemma4:12b,1,1,1,1.0
case-b037c9fc62dbf352,llama3.1:8b-instruct-q8_0,1,1,1,1.0
case-b037c9fc62dbf352,ministral-3:14b-instruct-2512-q4_K_M,1,1,1,1.0
case-b085a2007e479de4,gemma4:12b,1,1,1,1.0
case-b085a2007e479de4,llama3.1:8b-instruct-q8_0,1,1,1,1.0
case-b085a2007e479de4,ministral-3:14b-instruct-2512-q4_K_M,1,1,1,1.0
case-b1233900f3207045,gemma4:12b,1,1,1,1.0
case-b1233900f3207045,llama3.1:8b-instruct-q8_0,1,1,1,1.0
case-b1233900f3207045,ministral-3:14b-instruct-2512-q4_K_M,1,1,1,1.0
case-b17e4f9154dfdade,gemma4:12b,1,1,1,1.0
case-b17e4f9154dfdade,llama3.1:8b-instruct-q8_0,1,1,1,1.0
case-b17e4f9154dfdade,ministral-3:14b-instruct-2512-q4_K_M,1,1,1,1.0
case-b1bd5903a8a5a8f6,gemma4:12b,1,1,1,1.0
case-b1bd5903a8a5a8f6,llama3.1:8b-instruct-q8_0,1,1,1,1.0
case-b1bd5903a8a5a8f6,ministral-3:14b-instruct-2512-q4_K_M,1,1,1,1.0
case-b3312c490a6b7f35,gemma4:12b,1,1,1,1.0
case-b3312c490a6b7f35,ministral-3:14b-instruct-2512-q4_K_M,1,1,1,1.0
case-b3a26749b9460c48,gemma4:12b,2,2,2,1.0
case-b3a26749b9460c48,llama3.1:8b-instruct-q8_0,2,2,2,1.0
case-b3a26749b9460c48,ministral-3:14b-instruct-2512-q4_K_M,2,2,2,1.0
case-b3cdbd3cb5d3d955,gemma4:12b,1,1,1,1.0
case-b3cdbd3cb5d3d955,llama3.1:8b-instruct-q8_0,1,1,1,1.0
case-b3cdbd3cb5d3d955,ministral-3:14b-instruct-2512-q4_K_M,1,1,1,1.0
case-b3f16b5164e10b07,gemma4:12b,2,2,2,1.0
case-b3f16b5164e10b07,llama3.1:8b-instruct-q8_0,2,0,2,0.0
case-b3f16b5164e10b07,ministral-3:14b-instruct-2512-q4_K_M,2,2,2,1.0
case-b4945433af72c0a4,gemma4:12b,2,1,2,0.5
case-b4945433af72c0a4,llama3.1:8b-instruct-q8_0,2,1,2,0.5
case-b4945433af72c0a4,ministral-3:14b-instruct-2512-q4_K_M,2,0,2,0.0
case-b5891b17e9582be0,gemma4:12b,1,1,1,1.0
case-b5891b17e9582be0,llama3.1:8b-instruct-q8_0,1,1,1,1.0
case-b5891b17e9582be0,ministral-3:14b-instruct-2512-q4_K_M,1,1,1,1.0
case-b5e8dcbb166dc1a5,gemma4:12b,1,1,1,1.0
case-b5e8dcbb166dc1a5,llama3.1:8b-instruct-q8_0,1,1,1,1.0
case-b5e8dcbb166dc1a5,ministral-3:14b-instruct-2512-q4_K_M,1,1,1,1.0
case-b5ee39d6fbabdf4f,gemma4:12b,2,1,2,0.5
case-b5ee39d6fbabdf4f,llama3.1:8b-instruct-q8_0,2,1,2,0.5
case-b5ee39d6fbabdf4f,ministral-3:14b-instruct-2512-q4_K_M,2,1,2,0.5
case-b60b460e7c8a1415,gemma4:12b,1,1,1,1.0
case-b60b460e7c8a1415,llama3.1:8b-instruct-q8_0,1,1,1,1.0
case-b60b460e7c8a1415,ministral-3:14b-instruct-2512-q4_K_M,1,1,1,1.0
case-b6a634f1b3ff7f97,gemma4:12b,1,1,1,1.0
case-b6a634f1b3ff7f97,llama3.1:8b-instruct-q8_0,1,1,1,1.0
case-b6a634f1b3ff7f97,ministral-3:14b-instruct-2512-q4_K_M,1,1,1,1.0
case-b7ae4222adecca7d,gemma4:12b,2,1,2,0.5
case-b7ae4222adecca7d,llama3.1:8b-instruct-q8_0,2,2,2,1.0
case-b7ae4222adecca7d,ministral-3:14b-instruct-2512-q4_K_M,2,2,2,1.0
case-b7db40718b1b1be4,gemma4:12b,1,1,1,1.0
case-b7db40718b1b1be4,llama3.1:8b-instruct-q8_0,1,1,1,1.0
case-b7db40718b1b1be4,ministral-3:14b-instruct-2512-q4_K_M,1,1,1,1.0
case-b84372a3927144c5,gemma4:12b,2,2,2,1.0
case-b84372a3927144c5,llama3.1:8b-instruct-q8_0,2,2,2,1.0
case-b84372a3927144c5,ministral-3:14b-instruct-2512-q4_K_M,2,2,2,1.0
case-b8c19d6762d091d5,gemma4:12b,2,2,2,1.0
case-b8c19d6762d091d5,llama3.1:8b-instruct-q8_0,2,1,2,0.5
case-b8c19d6762d091d5,ministral-3:14b-instruct-2512-q4_K_M,2,1,2,0.5
case-b8f2bcf32108d0c3,gemma4:12b,1,1,1,1.0
case-b8f2bcf32108d0c3,llama3.1:8b-instruct-q8_0,1,1,1,1.0
case-b8f2bcf32108d0c3,ministral-3:14b-instruct-2512-q4_K_M,1,1,1,1.0
case-ba3567f28e01ac21,gemma4:12b,1,1,1,1.0
case-ba3567f28e01ac21,llama3.1:8b-instruct-q8_0,1,1,1,1.0
case-ba3567f28e01ac21,ministral-3:14b-instruct-2512-q4_K_M,1,1,1,1.0
case-ba8022d57a581386,gemma4:12b,1,1,1,1.0
case-ba8022d57a581386,llama3.1:8b-instruct-q8_0,1,1,1,1.0
case-ba8022d57a581386,ministral-3:14b-instruct-2512-q4_K_M,1,1,1,1.0
case-baa6ef97872fb508,gemma4:12b,2,2,2,1.0
case-baa6ef97872fb508,llama3.1:8b-instruct-q8_0,2,1,2,0.5
case-baa6ef97872fb508,ministral-3:14b-instruct-2512-q4_K_M,2,2,2,1.0
case-bb8ed6669fb54720,gemma4:12b,2,2,2,1.0
case-bb8ed6669fb54720,llama3.1:8b-instruct-q8_0,2,1,2,0.5
case-bb8ed6669fb54720,ministral-3:14b-instruct-2512-q4_K_M,2,1,2,0.5
case-bc1649aa0856ead1,gemma4:12b,1,1,1,1.0
case-bc1649aa0856ead1,llama3.1:8b-instruct-q8_0,1,1,1,1.0
case-bc1649aa0856ead1,ministral-3:14b-instruct-2512-q4_K_M,1,1,1,1.0
case-bc859b1be1396c88,gemma4:12b,2,2,2,1.0
case-bc859b1be1396c88,llama3.1:8b-instruct-q8_0,2,1,2,0.5
case-bc859b1be1396c88,ministral-3:14b-instruct-2512-q4_K_M,2,2,2,1.0
case-bda9bec6986aa6d5,gemma4:12b,1,1,1,1.0
case-bda9bec6986aa6d5,llama3.1:8b-instruct-q8_0,1,1,1,1.0
case-bda9bec6986aa6d5,ministral-3:14b-instruct-2512-q4_K_M,1,1,1,1.0
case-bdc08581897cce21,gemma4:12b,2,2,2,1.0
case-bdc08581897cce21,llama3.1:8b-instruct-q8_0,2,2,2,1.0
case-bdc08581897cce21,ministral-3:14b-instruct-2512-q4_K_M,2,2,2,1.0
case-bdeb5168bcfb859b,gemma4:12b,1,0,1,0.0
case-bdeb5168bcfb859b,llama3.1:8b-instruct-q8_0,1,1,1,1.0
case-bdeb5168bcfb859b,ministral-3:14b-instruct-2512-q4_K_M,1,0,1,0.0
case-be0abfcd0d857983,gemma4:12b,2,2,2,1.0
case-be0abfcd0d857983,llama3.1:8b-instruct-q8_0,2,2,2,1.0
case-be0abfcd0d857983,ministral-3:14b-instruct-2512-q4_K_M,2,1,2,0.5
case-be88815e58ac6c18,gemma4:12b,1,1,1,1.0
case-be88815e58ac6c18,llama3.1:8b-instruct-q8_0,1,1,1,1.0
case-be88815e58ac6c18,ministral-3:14b-instruct-2512-q4_K_M,1,1,1,1.0
case-bfbe632a003f2e33,gemma4:12b,2,2,2,1.0
case-bfbe632a003f2e33,llama3.1:8b-instruct-q8_0,2,1,2,0.5
case-bfbe632a003f2e33,ministral-3:14b-instruct-2512-q4_K_M,2,2,2,1.0
case-c181eab928e092e3,gemma4:12b,1,1,1,1.0
case-c181eab928e092e3,llama3.1:8b-instruct-q8_0,1,1,1,1.0
case-c181eab928e092e3,ministral-3:14b-instruct-2512-q4_K_M,1,1,1,1.0
case-c270f940d4973229,gemma4:12b,1,1,1,1.0
case-c270f940d4973229,llama3.1:8b-instruct-q8_0,1,1,1,1.0
case-c270f940d4973229,ministral-3:14b-instruct-2512-q4_K_M,1,1,1,1.0
case-c2ea09f4e654ee14,gemma4:12b,1,1,1,1.0
case-c2ea09f4e654ee14,llama3.1:8b-instruct-q8_0,1,1,1,1.0
case-c2ea09f4e654ee14,ministral-3:14b-instruct-2512-q4_K_M,1,1,1,1.0
case-c30772c778470c1b,gemma4:12b,1,1,1,1.0
case-c30772c778470c1b,llama3.1:8b-instruct-q8_0,1,1,1,1.0
case-c30772c778470c1b,ministral-3:14b-instruct-2512-q4_K_M,1,1,1,1.0
case-c3143592be34268f,gemma4:12b,1,1,1,1.0
case-c3143592be34268f,llama3.1:8b-instruct-q8_0,1,0,1,0.0
case-c3143592be34268f,ministral-3:14b-instruct-2512-q4_K_M,1,1,1,1.0
case-c6675b2abc9a33c8,gemma4:12b,1,1,1,1.0
case-c6675b2abc9a33c8,llama3.1:8b-instruct-q8_0,1,1,1,1.0
case-c6675b2abc9a33c8,ministral-3:14b-instruct-2512-q4_K_M,1,1,1,1.0
case-c6ff8ba375e0134a,gemma4:12b,1,1,1,1.0
case-c6ff8ba375e0134a,llama3.1:8b-instruct-q8_0,1,1,1,1.0
case-c6ff8ba375e0134a,ministral-3:14b-instruct-2512-q4_K_M,1,1,1,1.0
case-c84b7c490ea74db8,gemma4:12b,1,1,1,1.0
case-c84b7c490ea74db8,llama3.1:8b-instruct-q8_0,1,1,1,1.0
case-c84b7c490ea74db8,ministral-3:14b-instruct-2512-q4_K_M,1,1,1,1.0
case-c8733bf42c735e40,gemma4:12b,1,1,1,1.0
case-c8733bf42c735e40,llama3.1:8b-instruct-q8_0,1,1,1,1.0
case-c8733bf42c735e40,ministral-3:14b-instruct-2512-q4_K_M,1,1,1,1.0
case-c936f56876e91fd4,gemma4:12b,1,1,1,1.0
case-c936f56876e91fd4,llama3.1:8b-instruct-q8_0,1,1,1,1.0
case-c936f56876e91fd4,ministral-3:14b-instruct-2512-q4_K_M,1,1,1,1.0
case-ca0a8ac2914f204b,gemma4:12b,2,2,2,1.0
case-ca0a8ac2914f204b,llama3.1:8b-instruct-q8_0,2,1,2,0.5
case-ca0a8ac2914f204b,ministral-3:14b-instruct-2512-q4_K_M,2,2,2,1.0
case-ca964518d3cf3a78,gemma4:12b,1,1,1,1.0
case-ca964518d3cf3a78,llama3.1:8b-instruct-q8_0,1,1,1,1.0
case-ca964518d3cf3a78,ministral-3:14b-instruct-2512-q4_K_M,1,1,1,1.0
case-cb4f24893461fd71,gemma4:12b,2,2,2,1.0
case-cb4f24893461fd71,llama3.1:8b-instruct-q8_0,2,2,2,1.0
case-cb4f24893461fd71,ministral-3:14b-instruct-2512-q4_K_M,2,2,2,1.0
case-cb88fa6460eba1c4,gemma4:12b,2,2,2,1.0
case-cb88fa6460eba1c4,llama3.1:8b-instruct-q8_0,2,2,2,1.0
case-cb88fa6460eba1c4,ministral-3:14b-instruct-2512-q4_K_M,2,2,2,1.0
case-cbeb071042b6e4ed,gemma4:12b,1,1,1,1.0
case-cbeb071042b6e4ed,llama3.1:8b-instruct-q8_0,1,1,1,1.0
case-cbeb071042b6e4ed,ministral-3:14b-instruct-2512-q4_K_M,1,1,1,1.0
case-cce943551dd396ff,gemma4:12b,1,1,1,1.0
case-cce943551dd396ff,llama3.1:8b-instruct-q8_0,1,1,1,1.0
case-cce943551dd396ff,ministral-3:14b-instruct-2512-q4_K_M,1,0,1,0.0
case-cdb1042803b6b97b,gemma4:12b,1,1,1,1.0
case-cdb1042803b6b97b,llama3.1:8b-instruct-q8_0,1,1,1,1.0
case-cdb1042803b6b97b,ministral-3:14b-instruct-2512-q4_K_M,1,1,1,1.0
case-ce01f7be5bfa3633,gemma4:12b,3,3,3,1.0
case-ce01f7be5bfa3633,llama3.1:8b-instruct-q8_0,3,2,3,0.6666666666666666
case-ce01f7be5bfa3633,ministral-3:14b-instruct-2512-q4_K_M,3,2,3,0.6666666666666666
case-cea00e98dc6ed9f0,gemma4:12b,2,1,2,0.5
case-cea00e98dc6ed9f0,llama3.1:8b-instruct-q8_0,2,1,2,0.5
case-cea00e98dc6ed9f0,ministral-3:14b-instruct-2512-q4_K_M,2,1,2,0.5
case-cf4175b42222defb,gemma4:12b,1,1,1,1.0
case-cf4175b42222defb,llama3.1:8b-instruct-q8_0,1,1,1,1.0
case-cf4175b42222defb,ministral-3:14b-instruct-2512-q4_K_M,1,1,1,1.0
case-cf60faf5d470f130,gemma4:12b,1,1,1,1.0
case-cf60faf5d470f130,llama3.1:8b-instruct-q8_0,1,1,1,1.0
case-cf60faf5d470f130,ministral-3:14b-instruct-2512-q4_K_M,1,1,1,1.0
case-d0b1e265804f2872,gemma4:12b,1,1,1,1.0
case-d0b1e265804f2872,llama3.1:8b-instruct-q8_0,1,1,1,1.0
case-d0b1e265804f2872,ministral-3:14b-instruct-2512-q4_K_M,1,1,1,1.0
case-d223bc3f33c919fd,gemma4:12b,1,1,1,1.0
case-d223bc3f33c919fd,llama3.1:8b-instruct-q8_0,1,1,1,1.0
case-d223bc3f33c919fd,ministral-3:14b-instruct-2512-q4_K_M,1,1,1,1.0
case-d22ea202d39b847b,gemma4:12b,1,1,1,1.0
case-d22ea202d39b847b,llama3.1:8b-instruct-q8_0,1,1,1,1.0
case-d22ea202d39b847b,ministral-3:14b-instruct-2512-q4_K_M,1,1,1,1.0
case-d2dd2c4d72f5d594,gemma4:12b,1,1,1,1.0
case-d2dd2c4d72f5d594,llama3.1:8b-instruct-q8_0,1,1,1,1.0
case-d2dd2c4d72f5d594,ministral-3:14b-instruct-2512-q4_K_M,1,1,1,1.0
case-d33b8ae29039eeb2,gemma4:12b,2,2,2,1.0
case-d33b8ae29039eeb2,llama3.1:8b-instruct-q8_0,2,1,2,0.5
case-d33b8ae29039eeb2,ministral-3:14b-instruct-2512-q4_K_M,2,2,2,1.0
case-d348b640a9485d13,gemma4:12b,1,1,1,1.0
case-d348b640a9485d13,llama3.1:8b-instruct-q8_0,1,1,1,1.0
case-d348b640a9485d13,ministral-3:14b-instruct-2512-q4_K_M,1,1,1,1.0
case-d3bb3e5a52055602,gemma4:12b,2,1,2,0.5
case-d3bb3e5a52055602,llama3.1:8b-instruct-q8_0,2,2,2,1.0
case-d3bb3e5a52055602,ministral-3:14b-instruct-2512-q4_K_M,2,2,2,1.0
case-d48012afabfc541c,gemma4:12b,1,1,1,1.0
case-d48012afabfc541c,llama3.1:8b-instruct-q8_0,1,1,1,1.0
case-d48012afabfc541c,ministral-3:14b-instruct-2512-q4_K_M,1,1,1,1.0
case-d7546ae32c13aa41,gemma4:12b,1,1,1,1.0
case-d7546ae32c13aa41,llama3.1:8b-instruct-q8_0,1,1,1,1.0
case-d7546ae32c13aa41,ministral-3:14b-instruct-2512-q4_K_M,1,1,1,1.0
case-d76b705cb65ceadb,gemma4:12b,2,2,2,1.0
case-d76b705cb65ceadb,llama3.1:8b-instruct-q8_0,2,1,2,0.5
case-d76b705cb65ceadb,ministral-3:14b-instruct-2512-q4_K_M,2,2,2,1.0
case-d78b871ae57c7a59,gemma4:12b,1,1,1,1.0
case-d78b871ae57c7a59,llama3.1:8b-instruct-q8_0,1,1,1,1.0
case-d78b871ae57c7a59,ministral-3:14b-instruct-2512-q4_K_M,1,1,1,1.0
case-d7a80111090270f9,gemma4:12b,1,1,1,1.0
case-d7a80111090270f9,llama3.1:8b-instruct-q8_0,1,1,1,1.0
case-d7a80111090270f9,ministral-3:14b-instruct-2512-q4_K_M,1,1,1,1.0
case-d8aadaa848419451,gemma4:12b,2,2,2,1.0
case-d8aadaa848419451,llama3.1:8b-instruct-q8_0,2,2,2,1.0
case-d8aadaa848419451,ministral-3:14b-instruct-2512-q4_K_M,2,2,2,1.0
case-d8fbd9dab9d7be6c,gemma4:12b,3,2,3,0.6666666666666666
case-d8fbd9dab9d7be6c,llama3.1:8b-instruct-q8_0,3,0,3,0.0
case-d8fbd9dab9d7be6c,ministral-3:14b-instruct-2512-q4_K_M,3,2,3,0.6666666666666666
case-d9ba9bc0fcd90fbc,gemma4:12b,1,1,1,1.0
case-d9ba9bc0fcd90fbc,llama3.1:8b-instruct-q8_0,1,1,1,1.0
case-d9ba9bc0fcd90fbc,ministral-3:14b-instruct-2512-q4_K_M,1,1,1,1.0
case-d9d7717598efb49e,gemma4:12b,1,1,1,1.0
case-d9d7717598efb49e,llama3.1:8b-instruct-q8_0,1,1,1,1.0
case-d9d7717598efb49e,ministral-3:14b-instruct-2512-q4_K_M,1,1,1,1.0
case-da5e8a8783a81611,gemma4:12b,2,1,2,0.5
case-da5e8a8783a81611,llama3.1:8b-instruct-q8_0,2,1,2,0.5
case-da5e8a8783a81611,ministral-3:14b-instruct-2512-q4_K_M,2,2,2,1.0
case-dabccffdd553496f,gemma4:12b,2,2,2,1.0
case-dabccffdd553496f,llama3.1:8b-instruct-q8_0,2,2,2,1.0
case-dabccffdd553496f,ministral-3:14b-instruct-2512-q4_K_M,2,2,2,1.0
case-db1c2c547b1e24bc,gemma4:12b,2,1,2,0.5
case-db1c2c547b1e24bc,llama3.1:8b-instruct-q8_0,2,2,2,1.0
case-db1c2c547b1e24bc,ministral-3:14b-instruct-2512-q4_K_M,2,2,2,1.0
case-db90930f2ce3e090,gemma4:12b,3,2,3,0.6666666666666666
case-db90930f2ce3e090,llama3.1:8b-instruct-q8_0,3,1,3,0.3333333333333333
case-db90930f2ce3e090,ministral-3:14b-instruct-2512-q4_K_M,3,0,3,0.0
case-dc14b267771cc49d,gemma4:12b,1,1,1,1.0
case-dc14b267771cc49d,llama3.1:8b-instruct-q8_0,1,0,1,0.0
case-dc14b267771cc49d,ministral-3:14b-instruct-2512-q4_K_M,1,1,1,1.0
case-dde11f06d79c8f8b,gemma4:12b,2,2,2,1.0
case-dde11f06d79c8f8b,llama3.1:8b-instruct-q8_0,2,2,2,1.0
case-dde11f06d79c8f8b,ministral-3:14b-instruct-2512-q4_K_M,2,2,2,1.0
case-de0812a123144269,gemma4:12b,1,1,1,1.0
case-de0812a123144269,llama3.1:8b-instruct-q8_0,1,1,1,1.0
case-de0812a123144269,ministral-3:14b-instruct-2512-q4_K_M,1,1,1,1.0
case-df58a0ae9079bc9e,gemma4:12b,1,1,1,1.0
case-df58a0ae9079bc9e,llama3.1:8b-instruct-q8_0,1,1,1,1.0
case-df58a0ae9079bc9e,ministral-3:14b-instruct-2512-q4_K_M,1,1,1,1.0
case-df5edd576ae6e6bf,gemma4:12b,1,1,1,1.0
case-df5edd576ae6e6bf,llama3.1:8b-instruct-q8_0,1,0,1,0.0
case-df5edd576ae6e6bf,ministral-3:14b-instruct-2512-q4_K_M,1,0,1,0.0
case-df7d09d69117fd4e,gemma4:12b,1,1,1,1.0
case-df7d09d69117fd4e,llama3.1:8b-instruct-q8_0,1,1,1,1.0
case-df7d09d69117fd4e,ministral-3:14b-instruct-2512-q4_K_M,1,0,1,0.0
case-dfb8333520da71d1,gemma4:12b,1,1,1,1.0
case-dfb8333520da71d1,llama3.1:8b-instruct-q8_0,1,1,1,1.0
case-dfb8333520da71d1,ministral-3:14b-instruct-2512-q4_K_M,1,1,1,1.0
case-e0415847d595a32a,gemma4:12b,1,1,1,1.0
case-e0415847d595a32a,llama3.1:8b-instruct-q8_0,1,1,1,1.0
case-e0415847d595a32a,ministral-3:14b-instruct-2512-q4_K_M,1,1,1,1.0
case-e07dda650ff57b7a,gemma4:12b,3,1,3,0.3333333333333333
case-e07dda650ff57b7a,llama3.1:8b-instruct-q8_0,3,2,3,0.6666666666666666
case-e07dda650ff57b7a,ministral-3:14b-instruct-2512-q4_K_M,3,2,3,0.6666666666666666
case-e092494ef218951a,gemma4:12b,2,2,2,1.0
case-e092494ef218951a,llama3.1:8b-instruct-q8_0,2,2,2,1.0
case-e092494ef218951a,ministral-3:14b-instruct-2512-q4_K_M,2,2,2,1.0
case-e2d8dffd7209135f,gemma4:12b,2,2,2,1.0
case-e2d8dffd7209135f,llama3.1:8b-instruct-q8_0,2,2,2,1.0
case-e2d8dffd7209135f,ministral-3:14b-instruct-2512-q4_K_M,2,2,2,1.0
case-e33bdbd28c008ec0,gemma4:12b,1,1,1,1.0
case-e33bdbd28c008ec0,llama3.1:8b-instruct-q8_0,1,1,1,1.0
case-e33bdbd28c008ec0,ministral-3:14b-instruct-2512-q4_K_M,1,1,1,1.0
case-e3b7ada098e4e660,gemma4:12b,1,1,1,1.0
case-e3b7ada098e4e660,llama3.1:8b-instruct-q8_0,1,1,1,1.0
case-e3b7ada098e4e660,ministral-3:14b-instruct-2512-q4_K_M,1,1,1,1.0
case-e3e8650b6815c408,gemma4:12b,1,1,1,1.0
case-e3e8650b6815c408,llama3.1:8b-instruct-q8_0,1,1,1,1.0
case-e3e8650b6815c408,ministral-3:14b-instruct-2512-q4_K_M,1,1,1,1.0
case-e429feb0c2a9f49c,gemma4:12b,1,1,1,1.0
case-e429feb0c2a9f49c,llama3.1:8b-instruct-q8_0,1,1,1,1.0
case-e429feb0c2a9f49c,ministral-3:14b-instruct-2512-q4_K_M,1,1,1,1.0
case-e47eac906f5f4997,gemma4:12b,1,1,1,1.0
case-e47eac906f5f4997,llama3.1:8b-instruct-q8_0,1,1,1,1.0
case-e47eac906f5f4997,ministral-3:14b-instruct-2512-q4_K_M,1,1,1,1.0
case-e4aa602db9064344,gemma4:12b,1,1,1,1.0
case-e4aa602db9064344,llama3.1:8b-instruct-q8_0,1,1,1,1.0
case-e4aa602db9064344,ministral-3:14b-instruct-2512-q4_K_M,1,1,1,1.0
case-e4ac0a5e43d6be43,gemma4:12b,1,1,1,1.0
case-e4ac0a5e43d6be43,llama3.1:8b-instruct-q8_0,1,1,1,1.0
case-e4ac0a5e43d6be43,ministral-3:14b-instruct-2512-q4_K_M,1,1,1,1.0
case-e50129a7d6461ffe,gemma4:12b,1,1,1,1.0
case-e50129a7d6461ffe,llama3.1:8b-instruct-q8_0,1,1,1,1.0
case-e50129a7d6461ffe,ministral-3:14b-instruct-2512-q4_K_M,1,1,1,1.0
case-e56ce526ea8271a5,gemma4:12b,1,1,1,1.0
case-e56ce526ea8271a5,llama3.1:8b-instruct-q8_0,1,1,1,1.0
case-e56ce526ea8271a5,ministral-3:14b-instruct-2512-q4_K_M,1,1,1,1.0
case-e5e81d227b73dbf2,gemma4:12b,1,1,1,1.0
case-e5e81d227b73dbf2,llama3.1:8b-instruct-q8_0,1,1,1,1.0
case-e5e81d227b73dbf2,ministral-3:14b-instruct-2512-q4_K_M,1,1,1,1.0
case-e686e5b6c8809b92,gemma4:12b,1,1,1,1.0
case-e686e5b6c8809b92,llama3.1:8b-instruct-q8_0,1,1,1,1.0
case-e686e5b6c8809b92,ministral-3:14b-instruct-2512-q4_K_M,1,1,1,1.0
case-e6a8fdf54339470d,gemma4:12b,2,1,2,0.5
case-e6a8fdf54339470d,llama3.1:8b-instruct-q8_0,2,2,2,1.0
case-e6a8fdf54339470d,ministral-3:14b-instruct-2512-q4_K_M,2,2,2,1.0
case-e7127ff79fe12b03,gemma4:12b,2,2,2,1.0
case-e7127ff79fe12b03,llama3.1:8b-instruct-q8_0,2,2,2,1.0
case-e7127ff79fe12b03,ministral-3:14b-instruct-2512-q4_K_M,2,1,2,0.5
case-e764072e11684240,gemma4:12b,3,3,3,1.0
case-e764072e11684240,llama3.1:8b-instruct-q8_0,3,1,3,0.3333333333333333
case-e764072e11684240,ministral-3:14b-instruct-2512-q4_K_M,3,2,3,0.6666666666666666
case-e7d9c60542aece0e,gemma4:12b,2,2,2,1.0
case-e7d9c60542aece0e,llama3.1:8b-instruct-q8_0,2,1,2,0.5
case-e7d9c60542aece0e,ministral-3:14b-instruct-2512-q4_K_M,2,2,2,1.0
case-e821db295328c0c4,gemma4:12b,1,1,1,1.0
case-e821db295328c0c4,llama3.1:8b-instruct-q8_0,1,1,1,1.0
case-e821db295328c0c4,ministral-3:14b-instruct-2512-q4_K_M,1,1,1,1.0
case-e8681adc824f3196,gemma4:12b,2,2,2,1.0
case-e8681adc824f3196,llama3.1:8b-instruct-q8_0,2,2,2,1.0
case-e8681adc824f3196,ministral-3:14b-instruct-2512-q4_K_M,2,2,2,1.0
case-e8bac1e99b0c3a37,gemma4:12b,2,2,2,1.0
case-e8bac1e99b0c3a37,llama3.1:8b-instruct-q8_0,2,2,2,1.0
case-e8bac1e99b0c3a37,ministral-3:14b-instruct-2512-q4_K_M,2,2,2,1.0
case-eae9d40b3c26eb1f,gemma4:12b,1,1,1,1.0
case-eae9d40b3c26eb1f,llama3.1:8b-instruct-q8_0,1,1,1,1.0
case-eae9d40b3c26eb1f,ministral-3:14b-instruct-2512-q4_K_M,1,1,1,1.0
case-eb2b457d8658a166,gemma4:12b,2,2,2,1.0
case-eb2b457d8658a166,llama3.1:8b-instruct-q8_0,2,1,2,0.5
case-eb2b457d8658a166,ministral-3:14b-instruct-2512-q4_K_M,2,2,2,1.0
case-eb837537afb53719,gemma4:12b,2,2,2,1.0
case-eb837537afb53719,llama3.1:8b-instruct-q8_0,2,2,2,1.0
case-eb837537afb53719,ministral-3:14b-instruct-2512-q4_K_M,2,0,2,0.0
case-ebf0178ee41f3d25,gemma4:12b,1,1,1,1.0
case-ebf0178ee41f3d25,llama3.1:8b-instruct-q8_0,1,1,1,1.0
case-ebf0178ee41f3d25,ministral-3:14b-instruct-2512-q4_K_M,1,1,1,1.0
case-ec4686633f1c75f0,gemma4:12b,1,1,1,1.0
case-ec4686633f1c75f0,llama3.1:8b-instruct-q8_0,1,1,1,1.0
case-ec4686633f1c75f0,ministral-3:14b-instruct-2512-q4_K_M,1,1,1,1.0
case-ed465659b2d28ba7,gemma4:12b,1,1,1,1.0
case-ed465659b2d28ba7,llama3.1:8b-instruct-q8_0,1,1,1,1.0
case-ed465659b2d28ba7,ministral-3:14b-instruct-2512-q4_K_M,1,1,1,1.0
case-ed912d244f3f932b,gemma4:12b,2,1,2,0.5
case-ed912d244f3f932b,llama3.1:8b-instruct-q8_0,2,1,2,0.5
case-ed912d244f3f932b,ministral-3:14b-instruct-2512-q4_K_M,2,2,2,1.0
case-ee10eaa9acbaee49,gemma4:12b,1,1,1,1.0
case-ee10eaa9acbaee49,llama3.1:8b-instruct-q8_0,1,1,1,1.0
case-ee10eaa9acbaee49,ministral-3:14b-instruct-2512-q4_K_M,1,1,1,1.0
case-eecf57d0129b6729,gemma4:12b,2,1,2,0.5
case-eecf57d0129b6729,llama3.1:8b-instruct-q8_0,2,1,2,0.5
case-eecf57d0129b6729,ministral-3:14b-instruct-2512-q4_K_M,2,2,2,1.0
case-eef424f9739896c2,gemma4:12b,2,2,2,1.0
case-eef424f9739896c2,llama3.1:8b-instruct-q8_0,2,1,2,0.5
case-eef424f9739896c2,ministral-3:14b-instruct-2512-q4_K_M,2,1,2,0.5
case-ef347392f6aba290,gemma4:12b,1,1,1,1.0
case-ef347392f6aba290,llama3.1:8b-instruct-q8_0,1,1,1,1.0
case-ef347392f6aba290,ministral-3:14b-instruct-2512-q4_K_M,1,1,1,1.0
case-ef9cf26c892fa28e,gemma4:12b,1,1,1,1.0
case-ef9cf26c892fa28e,llama3.1:8b-instruct-q8_0,1,1,1,1.0
case-ef9cf26c892fa28e,ministral-3:14b-instruct-2512-q4_K_M,1,1,1,1.0
case-efd92660d8a6453f,gemma4:12b,1,1,1,1.0
case-efd92660d8a6453f,llama3.1:8b-instruct-q8_0,1,1,1,1.0
case-efd92660d8a6453f,ministral-3:14b-instruct-2512-q4_K_M,1,1,1,1.0
case-efd970723036eff6,gemma4:12b,1,1,1,1.0
case-efd970723036eff6,llama3.1:8b-instruct-q8_0,1,1,1,1.0
case-efd970723036eff6,ministral-3:14b-instruct-2512-q4_K_M,1,1,1,1.0
case-f0190ff9482ff327,gemma4:12b,1,1,1,1.0
case-f0190ff9482ff327,llama3.1:8b-instruct-q8_0,1,0,1,0.0
case-f0190ff9482ff327,ministral-3:14b-instruct-2512-q4_K_M,1,1,1,1.0
case-f05b60a817f02dcf,gemma4:12b,1,1,1,1.0
case-f05b60a817f02dcf,llama3.1:8b-instruct-q8_0,1,1,1,1.0
case-f05b60a817f02dcf,ministral-3:14b-instruct-2512-q4_K_M,1,1,1,1.0
case-f1b5f7ea5ce01cda,gemma4:12b,1,1,1,1.0
case-f1b5f7ea5ce01cda,llama3.1:8b-instruct-q8_0,1,1,1,1.0
case-f1b5f7ea5ce01cda,ministral-3:14b-instruct-2512-q4_K_M,1,1,1,1.0
case-f23a4cac7ebd192c,gemma4:12b,2,2,2,1.0
case-f23a4cac7ebd192c,llama3.1:8b-instruct-q8_0,2,2,2,1.0
case-f23a4cac7ebd192c,ministral-3:14b-instruct-2512-q4_K_M,2,2,2,1.0
case-f2933aca4d414359,gemma4:12b,1,1,1,1.0
case-f2933aca4d414359,llama3.1:8b-instruct-q8_0,1,1,1,1.0
case-f2933aca4d414359,ministral-3:14b-instruct-2512-q4_K_M,1,1,1,1.0
case-f2a13c1c554006a4,gemma4:12b,1,1,1,1.0
case-f2a13c1c554006a4,llama3.1:8b-instruct-q8_0,1,1,1,1.0
case-f2a13c1c554006a4,ministral-3:14b-instruct-2512-q4_K_M,1,1,1,1.0
case-f2fe2544c12e993d,gemma4:12b,2,1,2,0.5
case-f2fe2544c12e993d,llama3.1:8b-instruct-q8_0,2,1,2,0.5
case-f2fe2544c12e993d,ministral-3:14b-instruct-2512-q4_K_M,2,1,2,0.5
case-f3492c1f8397e32e,gemma4:12b,1,1,1,1.0
case-f3492c1f8397e32e,llama3.1:8b-instruct-q8_0,1,1,1,1.0
case-f3492c1f8397e32e,ministral-3:14b-instruct-2512-q4_K_M,1,1,1,1.0
case-f3ca09946f86f804,gemma4:12b,1,1,1,1.0
case-f3ca09946f86f804,llama3.1:8b-instruct-q8_0,1,1,1,1.0
case-f3ca09946f86f804,ministral-3:14b-instruct-2512-q4_K_M,1,1,1,1.0
case-f4ac372b14ce4136,gemma4:12b,1,1,1,1.0
case-f4ac372b14ce4136,llama3.1:8b-instruct-q8_0,1,1,1,1.0
case-f4ac372b14ce4136,ministral-3:14b-instruct-2512-q4_K_M,1,1,1,1.0
case-f639be208463bed4,gemma4:12b,2,1,2,0.5
case-f639be208463bed4,llama3.1:8b-instruct-q8_0,2,1,2,0.5
case-f639be208463bed4,ministral-3:14b-instruct-2512-q4_K_M,2,2,2,1.0
case-f76e2df716df4967,gemma4:12b,1,1,1,1.0
case-f76e2df716df4967,llama3.1:8b-instruct-q8_0,1,1,1,1.0
case-f76e2df716df4967,ministral-3:14b-instruct-2512-q4_K_M,1,1,1,1.0
case-f76e34c623249a09,gemma4:12b,1,1,1,1.0
case-f76e34c623249a09,llama3.1:8b-instruct-q8_0,1,1,1,1.0
case-f76e34c623249a09,ministral-3:14b-instruct-2512-q4_K_M,1,1,1,1.0
case-f7ca55167b175bf6,gemma4:12b,1,1,1,1.0
case-f7ca55167b175bf6,llama3.1:8b-instruct-q8_0,1,1,1,1.0
case-f7ca55167b175bf6,ministral-3:14b-instruct-2512-q4_K_M,1,1,1,1.0
case-f878f5d567344fb9,gemma4:12b,1,1,1,1.0
case-f878f5d567344fb9,llama3.1:8b-instruct-q8_0,1,1,1,1.0
case-f878f5d567344fb9,ministral-3:14b-instruct-2512-q4_K_M,1,1,1,1.0
case-f8a75930060304aa,gemma4:12b,1,1,1,1.0
case-f8a75930060304aa,llama3.1:8b-instruct-q8_0,1,1,1,1.0
case-f8a75930060304aa,ministral-3:14b-instruct-2512-q4_K_M,1,1,1,1.0
case-f8cda0635d981c8c,gemma4:12b,2,2,2,1.0
case-f8cda0635d981c8c,llama3.1:8b-instruct-q8_0,2,2,2,1.0
case-f8cda0635d981c8c,ministral-3:14b-instruct-2512-q4_K_M,2,2,2,1.0
case-f8ffd6d71a270252,gemma4:12b,1,1,1,1.0
case-f8ffd6d71a270252,llama3.1:8b-instruct-q8_0,1,1,1,1.0
case-f8ffd6d71a270252,ministral-3:14b-instruct-2512-q4_K_M,1,1,1,1.0
case-f906a1612d7bfaf4,gemma4:12b,1,1,1,1.0
case-f906a1612d7bfaf4,llama3.1:8b-instruct-q8_0,1,1,1,1.0
case-f906a1612d7bfaf4,ministral-3:14b-instruct-2512-q4_K_M,1,1,1,1.0
case-f9c5b7d05746b1be,gemma4:12b,1,1,1,1.0
case-f9c5b7d05746b1be,llama3.1:8b-instruct-q8_0,1,1,1,1.0
case-f9c5b7d05746b1be,ministral-3:14b-instruct-2512-q4_K_M,1,1,1,1.0
case-f9d36728095e2ded,gemma4:12b,1,1,1,1.0
case-f9d36728095e2ded,llama3.1:8b-instruct-q8_0,1,1,1,1.0
case-f9d36728095e2ded,ministral-3:14b-instruct-2512-q4_K_M,1,1,1,1.0
case-f9f995f3dc73cd56,gemma4:12b,2,2,2,1.0
case-f9f995f3dc73cd56,llama3.1:8b-instruct-q8_0,2,1,2,0.5
case-f9f995f3dc73cd56,ministral-3:14b-instruct-2512-q4_K_M,2,0,2,0.0
case-fa9a66e63bb75f63,gemma4:12b,1,1,1,1.0
case-fa9a66e63bb75f63,llama3.1:8b-instruct-q8_0,1,1,1,1.0
case-fa9a66e63bb75f63,ministral-3:14b-instruct-2512-q4_K_M,1,1,1,1.0
case-fb5032d99e47b0e5,gemma4:12b,2,1,2,0.5
case-fb5032d99e47b0e5,llama3.1:8b-instruct-q8_0,2,1,2,0.5
case-fb5032d99e47b0e5,ministral-3:14b-instruct-2512-q4_K_M,2,1,2,0.5
case-fb56ee8e6416e41d,gemma4:12b,1,1,1,1.0
case-fb56ee8e6416e41d,llama3.1:8b-instruct-q8_0,1,1,1,1.0
case-fb56ee8e6416e41d,ministral-3:14b-instruct-2512-q4_K_M,1,1,1,1.0
case-fbbb4adda6926e28,gemma4:12b,1,1,1,1.0
case-fbbb4adda6926e28,llama3.1:8b-instruct-q8_0,1,1,1,1.0
case-fbbb4adda6926e28,ministral-3:14b-instruct-2512-q4_K_M,1,1,1,1.0
case-fbe48e2e405da6b6,gemma4:12b,1,1,1,1.0
case-fbe48e2e405da6b6,llama3.1:8b-instruct-q8_0,1,1,1,1.0
case-fbe48e2e405da6b6,ministral-3:14b-instruct-2512-q4_K_M,1,1,1,1.0
case-fc4ffb29ca9726bd,gemma4:12b,2,2,2,1.0
case-fc4ffb29ca9726bd,llama3.1:8b-instruct-q8_0,2,1,2,0.5
case-fc4ffb29ca9726bd,ministral-3:14b-instruct-2512-q4_K_M,2,2,2,1.0
case-fce48009fab719a6,gemma4:12b,2,1,2,0.5
case-fce48009fab719a6,llama3.1:8b-instruct-q8_0,2,1,2,0.5
case-fce48009fab719a6,ministral-3:14b-instruct-2512-q4_K_M,2,2,2,1.0
case-fd0ea19a16542367,gemma4:12b,1,1,1,1.0
case-fd0ea19a16542367,llama3.1:8b-instruct-q8_0,1,1,1,1.0
case-fd0ea19a16542367,ministral-3:14b-instruct-2512-q4_K_M,1,1,1,1.0
case-fdec5e7905907833,gemma4:12b,1,1,1,1.0
case-fdec5e7905907833,llama3.1:8b-instruct-q8_0,1,1,1,1.0
case-fdec5e7905907833,ministral-3:14b-instruct-2512-q4_K_M,1,1,1,1.0
case-fe4a41b4ad9d16ad,gemma4:12b,1,1,1,1.0
case-fe4a41b4ad9d16ad,llama3.1:8b-instruct-q8_0,1,1,1,1.0
case-fe4a41b4ad9d16ad,ministral-3:14b-instruct-2512-q4_K_M,1,1,1,1.0
case-fe4d5e37a3af844b,gemma4:12b,1,1,1,1.0
case-fe4d5e37a3af844b,llama3.1:8b-instruct-q8_0,1,1,1,1.0
case-fe4d5e37a3af844b,ministral-3:14b-instruct-2512-q4_K_M,1,1,1,1.0
case-ff7627d8332912be,gemma4:12b,1,1,1,1.0
case-ff7627d8332912be,llama3.1:8b-instruct-q8_0,1,1,1,1.0
case-ff7627d8332912be,ministral-3:14b-instruct-2512-q4_K_M,1,0,1,0.0
